product_id,name,brand,category_path,Acne & Blemishes,Oil & Pore Control,Dryness & Dehydration,Pigmentation & Dark Spots,Anti-Aging & Fine Lines,Sun Protection & Tanning,Sensitivity & Redness,Dullness & Uneven Texture
6a6af37c260c92beae2fb57f,Plum Bright Years All-Day Defence SPF 50 PA++++ Sunscreen,Plum,Skin > Sun Care > Sunscreen,0,0,1,0,1,1,0,0
6a6af32d260c92beae2fb4e7,Bright Years Restorative Overnight Creme For Mature Skin,Plum,Night Cream,0,0,1,0,1,0,0,0
6a6af28a260c92beae2fb1d2,Bulgarian Rose & 2% Hyaluronic Acid Serum For Dry Skin,Plum,Serum > Serums And Essences > Skin,0,0,1,0,0,0,0,0
6a6af22f260c92beae2fb135,Green Tea Revitalizing Face Mist For Oily & Acne-Prone Skin,Plum,Fragrances > Mist,1,1,1,0,0,0,1,0
6a6af1db260c92beae2fb099,Mandarin & Vitamin C Foaming Face Wash For Glowing Skin,Plum,Cleansers And Exfoliators > Face > Face Washes & Cleansers,0,0,0,1,0,0,0,1
6a6af16c260c92beae2faf0f,1% Retinol & Bakuchiol Face Serum For Ageing Skin,Plum,Serum > Serums And Essences > Skin,0,0,0,0,1,0,0,1
6a6af0fa260c92beae2fae6a,1% Vitamin C Ultra-Light-Glow Boosting Gel Cream For Glowing Skin,Plum,Moisturizer > Skin,0,0,1,1,0,0,0,1
6a6af0a7260c92beae2fadc7,Squalane & Vitamin E Dewy-Bright Sunscreen SPF 50 PA+++,Plum,Skin > Sun Care > Sunscreen,0,0,1,0,0,1,0,0
6a6af047260c92beae2fad28,1% Vitamin C & Mandarin Pore Tightening Face Toner,Plum,Toner > Toners & Mist,0,1,1,1,0,0,0,1
6a6aef77260c92beae2faae5,1% Resveratrol & Vitamin C Youthful Glow Moisturizer,Plum,Moisturizer > Skin,0,0,1,1,0,0,0,1
6a6aeeda260c92beae2faa01,1% Salicylic Acid Clearly Gentle Gel Face Wash For Acne-Prone Skin,Plum,Face > Face Washes & Cleansers,1,1,0,0,0,0,1,0
6a6aee43260c92beae2fa94b,Bulgarian Rose and 1% Hyaluronic Acid Cream For Dry Skin,Plum,Moisturizer,0,0,1,0,0,0,0,0
6a6aed9a260c92beae2fa6f8,Bulgarian Valley Rose Water Toner For Dry Skin,Plum,Skin > Toner > Toners & Mist,0,0,1,0,0,0,1,0
6a6aecd5260c92beae2fa56a,2% Alpha Arbutin & Hyaluronic Acid Tan Fading Face Serum For All Skin Types,Plum,Serum > Serums And Essences > Skin,0,0,1,1,0,0,0,0
6a6aec72260c92beae2fa344,3% Niacinamide & Rice Water SPF 50 Sheer-Tinted Sunscreen,Plum,Skin > Sun Care > Sunscreen,0,0,0,1,0,1,0,1
6a6aec00260c92beae2fa034,1% Encapsulated Salicylic Acid Foaming Face Wash For Acne-Prone Skin,Plum,Cleansers And Exfoliators > Face Washes & Cleansers > Skin,1,1,0,0,0,0,1,1
6a6aeb67260c92beae2f9c4a,Green Tea Clear Face Mask For Oily & Acne-Prone Skin,Plum,Mask > Masks & Peels,1,1,0,0,0,0,0,0
6a6aeaf3260c92beae2f9ba3,2% Encapsulated Salicylic Acid Face Serum For Acne-Prone Skin,Plum,Serum > Serums And Essences > Skin,1,1,0,0,0,0,0,1
6a6aea8f260c92beae2f9af5,CeraSense™ Milky Toner For Dry Skin,Plum,Toner > Toners & Mist,0,0,1,0,0,0,0,0
6a6aea47260c92beae2f9a5f,Saffron & Papaya Glow Bright Face Wash,Plum,Face > Face Washes & Cleansers,0,0,1,1,0,0,0,1
6a6ae9d7260c92beae2f99b1,Green Tea Alcohol-Free Pore Tightening Face Toner For Oily & Acne-Prone Skin,Plum,Skin > Toner > Toners & Mist,1,1,0,0,0,0,0,1
6a6ae949260c92beae2f9874,Green Tea Renewed Clarity Night Gel For Oily & Acne-Prone Skin,Plum,Night Cream,1,1,0,0,0,0,0,1
6a6ae8e4260c92beae2f97c6,Green Tea Oil-Free Moisturizer For Oily & Acne-Prone Skin,Plum,Moisturizer > Skin,1,1,1,0,0,0,0,0
6a6ae869260c92beae2f9717,Bulgarian Rose & Hyaluronic Acid Frosted Sleeping Mask,Plum,Mask,0,0,1,0,0,0,0,1
6a6ae7fa260c92beae2f955e,Oat & 1% Ceramide Face Cream For Dry Skin,Plum,Moisturizer,0,0,1,0,0,0,0,0
6a6ae70c260c92beae2f906a,Rice Water & 5% Niacinamide Cloud Whip Face Mask,Plum,Face > Mask > Masks & Peels,1,0,0,1,0,0,0,1
6a6ae6a3260c92beae2f8e01,CeraSense™ Barrier Care Face Wash with Acai & 1% NMF,Plum,Cleansers And Exfoliators > Face Washes & Cleansers > Skin,0,0,1,0,0,0,1,1
6a6ae63d260c92beae2f8d62,Yuzu & Alpha Arbutin Weightless Fluid Sunscreen 35 PA++++,Plum,Skin > Sun Care > Sunscreen,0,0,0,1,0,1,0,1
6a6ae5de260c92beae2f8c84,CeraSense™ Moisturizing Creme For Dry Skin,Plum,Moisturizer > Skin,0,0,1,0,0,0,1,0
6a6ae56c260c92beae2f8b51,"Rice Water & Niacinamide 3% Under-Eye Creme with Peptides, Ceramides & Caffeine",Plum,Eye Care > Eyes,0,0,1,1,1,0,0,0
6a6ae50a260c92beae2f884c,"PeptiCharge Rejuvenating Night Creme with Multi-Peptides, Exosomes & Bifida Ferment",Plum,Night Cream > Skin,0,0,1,0,1,1,0,0
6a6ae49b260c92beae2f8580,Saffron & Kumkumadi Oil Glow Bright Moisturizer with SPF 35,Plum,Moisturizer > Skin,0,0,1,1,0,1,0,1
6a6ae23c260c92beae2f7a58,10% Vitamin C & Calendula Barrier Boosting + Glow Serum,Plum,Serum > Serums And Essences > Skin,0,0,1,1,0,0,0,1
6a6ae17a260c92beae2f798e,Goji Berry & 5% Glycolic Acid Exfoliating Toner For Textured Skin,Plum,Cleansers And Exfoliators > Skin,0,1,0,0,0,0,0,1
6a6ae108260c92beae2f78aa,SebaClear™ Mattifying Gel Creme with Sebacic Acid & Matcha,Plum,Moisturizer > Skin,1,1,0,0,0,0,0,0
6a6ae014260c92beae2f7571,2% Niacinamide & Rice Water Face Wash For Clear & Bright Skin,Plum,Face Washes & Cleansers > Skin,0,0,1,1,0,0,1,0
6a6ada61260c92beae2f6f56,15% Vitamin C & Mandarin Glow Boost Serum,Plum,Serum > Serums And Essences > Skin,0,0,0,1,0,0,0,1
6a6ad9f9260c92beae2f6db0,2% Niacinamide & Rice Water SPF 50 PA++++ Hybrid Sunscreen,Plum,Skin > Sun Care > Sunscreen,1,0,0,1,0,1,0,0
6a6ad967260c92beae2f6d13,Black Rice & 10% Niacinamide-TXA Night Clarity Jelly Serum,Plum,Serum > Serums And Essences > Skin,1,0,0,1,0,0,0,0
6a6ad8b6260c92beae2f6a2c,2% Niacinamide & Rice Water Brightening Gel Moisturizer For Clear & Bright Skin,Plum,Moisturizer > Skin,1,0,0,1,0,0,0,0
6a6092e16325869f0ac41ec1,Ceramide Lip Balm with SPF 50 PA+++ (Untinted),Wish Care,Lip Balm > Lips > Makeup,0,0,1,1,0,1,0,0
6a6092446325869f0ac41cfe,Vitamin C Pure Glow Milk Sunscreen | SPF 50 PA++++,Wish Care,Skin > Sun Care > Sunscreen,0,0,1,1,1,1,0,1
6a6090df6325869f0ac41470,Daily Tinted Fluid Sunscreen,Wish Care,Sunscreen,0,1,1,1,1,1,1,1
6a60655d6325869f0ac3c2ab,Intense Gel Kajal (1.2g),Swiss Beauty,Kajal & Kohls,0,0,0,0,0,0,0,0
6a6063b06325869f0ac3bf83,Swiss Beauty Softy Blush (7g),Swiss Beauty,Blush,0,0,0,0,0,0,0,0
6a6062996325869f0ac3bc21,Gold Serum,Swiss Beauty,Serum > Serums And Essences,0,0,0,0,1,0,0,1
6a60622d6325869f0ac3bb84,Select Game Changer Strobe Cream,Swiss Beauty,Highlighters & Illuminators,0,0,1,1,0,0,0,1
6a6061776325869f0ac3b899,Select Single Swipe Kohl Kajal,Swiss Beauty,Kajal & Kohls,0,0,0,0,0,0,0,0
6a605f4b6325869f0ac3b668,Select Prep Set Matte Makeup Fixer,Swiss Beauty,Setting Spray,0,0,1,0,0,0,0,0
6a605eac6325869f0ac3b539,Select High on Glow Fixer,Swiss Beauty,Setting Spray,0,1,1,0,0,0,0,1
6a605e236325869f0ac3b497,Glitter Gel Lipstick,Swiss Beauty,Lips > Lipstick > Makeup,0,0,0,0,0,0,0,0
6a605d3f6325869f0ac3b3d6,You & Eye Power Black Kajal,Swiss Beauty,Kajal & Kohls > Makeup,0,0,0,0,0,0,0,0
6a605c6c6325869f0ac3b14a,Quick Cover Touch-Up Powder,Swiss Beauty,Loose Powder > Makeup,0,0,0,0,0,0,0,0
6a605ba46325869f0ac3af32,Quick dry liquid Eyeliner,Swiss Beauty,Eye - Makeup > Eyeliner > Eyes,0,0,1,0,0,0,0,0
6a605ab96325869f0ac3aa17,Matte Cat Lip Crayon,Swiss Beauty,Lipstick,0,0,1,0,0,0,0,0
6a5f555f6325869f0ac328cb,Gloss Me Lip Gloss,Swiss Beauty,Lip Gloss > Makeup,0,0,1,0,0,0,0,0
6a5f50ee6325869f0ac31f13,Bake it away loose powder (28g),Swiss Beauty,Loose Powder > Makeup,0,0,0,0,0,0,0,0
6a5f50666325869f0ac31e4e,Bold Eyes Super Lash Mascara Waterproof,Swiss Beauty,Mascara > Skin,0,0,0,0,0,0,0,0
6a5f4ff56325869f0ac31cff,Oil Free Long Lasting Make-up Primer,Swiss Beauty,Makeup > Primer,0,1,0,0,1,0,0,0
6a5f4eaf6325869f0ac31840,Cheek It Up Blush (8g),Swiss Beauty,Blush > Skin,0,0,0,0,0,0,0,0
6a5f4da26325869f0ac316be,Makeup Fixer,Swiss Beauty,Makeup > Setting Spray,0,0,1,0,0,0,0,0
6a5f4c1b6325869f0ac31365,Pure Matte Lipstick,Swiss Beauty,Lipstick,0,0,1,0,0,0,0,0
6a5f46696325869f0ac30ef0,Jelly Bloom pH Lip Balm (3.6g),Swiss Beauty,Lip Balm > Lips > Makeup,0,0,0,0,0,0,0,0
6a5f45226325869f0ac30e0a,Precision Mascara,Swiss Beauty,Makeup > Mascara,0,0,0,0,0,0,0,0
6a5f44706325869f0ac30d30,High Performance Foundation,Swiss Beauty,Foundation,0,0,0,0,0,0,0,0
6a5f426f6325869f0ac30787,Glow Up Strobe Cream (30ml),Swiss Beauty,Blush > Highlighters & Illuminators > Makeup,0,0,1,0,0,0,0,1
6a5f413f6325869f0ac30467,Ultra Fine Matte Loose Finish Powder (10g),Swiss Beauty,Loose Powder > Makeup,0,0,0,0,0,0,0,0
6a5f40436325869f0ac30005,CRAZE Blush pH-lease,Swiss Beauty,Blush > Makeup,0,0,0,0,0,0,0,1
6a5f3f2b6325869f0ac2faf1,Non-Transfer Lipstick,Swiss Beauty,Lipstick,0,0,0,0,0,0,0,0
6a5f38336325869f0ac2e537,Eyebrow & Gel Eyeliner,Swiss Beauty,Eye - Makeup > Eyeliner,0,0,0,0,0,0,0,0
6a5f374b6325869f0ac2e0d8,Primer Mousse Foundation,Swiss Beauty,Foundation,1,1,0,0,0,0,0,0
6a5f33c56325869f0ac2d5af,Oil Control Compact Powder,Swiss Beauty,Loose Powder > Makeup,0,1,0,0,0,0,0,0
6a5f1d296325869f0ac2ada4,Liquid Highlighter,Swiss Beauty,Contour > Highlighters & Illuminators > Makeup,0,0,0,0,0,0,0,1
6a5f16952d4b7885f2020ad0,Pure Lustre Lipstick,Swiss Beauty,Lipstick,0,0,0,0,0,0,0,0
6a5f109e2d4b7885f201f790,Cream It Up Blush,Swiss Beauty,Blush > Makeup,0,0,1,0,0,0,0,0
6a5f0ea32d4b7885f201f600,Jelly Verse Glow Stick,Swiss Beauty,Eye Shadow > Makeup,0,0,0,0,0,0,0,1
6a5f0ac006de276f2a6e572c,Highlighting Primer (32ml),Swiss Beauty,Makeup > Primer,0,0,1,0,0,0,0,1
6a5f085806de276f2a6e514d,Glow Up Makeup Fixer,Swiss Beauty,Makeup > Setting Spray,0,0,1,1,0,0,0,1
6a5e178206de276f2a6dee63,Brightening Under Eye Cream,Foxtale,Under Eye Concealer,0,0,1,1,1,0,0,0
6a5e170606de276f2a6debda,Acne Spot Corrector with Salicylic Acid,Foxtale,Serum > Serums And Essences > Skin,1,1,1,0,0,0,1,1
6a5e15ae06de276f2a6de79e,5% Niacinamide Brightening serum,Foxtale,Serum > Serums And Essences > Skin,1,1,0,1,0,0,0,0
6a5e152306de276f2a6de4d3,Hydrating Hyaluronic Acid Serum,Foxtale,Serum > Serums And Essences > Skin,0,0,1,0,0,0,1,0
6a5e146506de276f2a6de1a4,Lip Sleeping Mask with Maracuja Oil,Foxtale,Face Oil > Serum > Serums And Essences,0,0,1,0,0,0,0,0
6a5e13c406de276f2a6dde54,Rapid Spot Reduction Drops,Foxtale,Serum > Serums And Essences > Skin,0,0,1,1,1,0,0,0
6a5e130d06de276f2a6ddb28,Cell Renewal Collagen-PDRN Serum,Foxtale,Serum > Serums And Essences > Skin,0,0,1,0,1,0,0,1
6a5e127206de276f2a6dda29,Vitamin C Serum,Foxtale,Serum > Serums And Essences > Skin,0,0,0,1,1,0,0,1
6a5e11b506de276f2a6dd1e8,0.3% Retinol + Ferulic Acid Serum,Foxtale,Serum > Serums And Essences,0,0,1,0,1,0,0,1
6a5e0e9306de276f2a6dc214,0.15% Retinol Night Serum,Foxtale,Serum > Serums And Essences > Skin,0,0,1,0,1,0,1,1
6a5e0e1906de276f2a6dc058,10% Vitamin C-Glutathione Advanced Brightening Serum,Foxtale,Serum > Serums And Essences > Skin,0,0,0,1,0,0,0,1
6a5e0cd506de276f2a6dbc99,12% Niacinamide Clarifying Serum,Foxtale,Serum > Serums And Essences > Skin,1,0,0,1,0,0,0,0
6a5e057906de276f2a6db0f5,Cherry-Collagen Clay Mask,Foxtale,Mask > Masks & Peels > Sheet Mask,0,0,1,0,1,0,0,1
6a5e04c306de276f2a6db06a,Overnight Glow Mask,Foxtale,Mask > Masks & Peels > Skin,0,1,0,1,0,0,0,1
6a5e042406de276f2a6daf54,Skin Radiance De-Tan Mask,Foxtale,Mask > Masks & Peels > Skin,0,1,1,1,0,0,0,1
6a5e03a606de276f2a6dad35,Oil & Acne Control Face Wash,Foxtale,Cleansers And Exfoliators > Face Washes & Cleansers > Skin,1,1,1,0,0,0,1,1
6a5e030b06de276f2a6da61f,Hydrating Face Wash,Foxtale,Cleansers And Exfoliators > Face Washes & Cleansers > Skin,0,0,1,0,0,1,1,1
6a5e021f06de276f2a6da44d,Super Glow De-tan Face Wash,Foxtale,Cleansers And Exfoliators > Face Washes & Cleansers > Skin,0,0,1,1,0,0,0,1
6a5e014206de276f2a6d9e99,Nourishing Ceramide Moisturizer,Foxtale,Moisturizer > Skin,0,0,1,0,0,0,0,1
6a5e00bb06de276f2a6d9b96,Hydrating Moisturizer with Ceramide,Foxtale,Moisturizer > Skin,0,0,1,0,0,0,0,1
6a5e002a06de276f2a6d98bb,Super Glow Moisturizer with Vitamin C,Foxtale,Moisturizer > Skin,0,0,1,1,1,0,0,1
6a5dffa906de276f2a6d9738,Oil Balancing Moisturizer with Niacinamide & Cica,Foxtale,Moisturizer > Skin,1,1,1,0,0,0,1,1
6a5dff1706de276f2a6d969d,Vitamin C & Papaya Enzyme Daily Brightening Moisturizer,Foxtale,Face Moisturizer > Moisturizer > Skin,0,0,1,1,0,0,0,1
6a5df6e306de276f2a6d7cbb,SPF 70 Dewy Finish Sunscreen for Dry Skin,Foxtale,Skin > Sun Care > Sunscreen,0,0,1,0,1,1,0,0
6a5df67e06de276f2a6d7bf4,SPF 50 Tinted Fluid Sunscreen with Niacinamide,Foxtale,Skin > Sun Care > Sunscreen,0,1,0,0,0,1,0,0
6a5df5c406de276f2a6d7743,SPF 70 Matte Finish Sunscreen for Oily Skin,Foxtale,Skin > Sun Care > Sunscreen,1,1,0,0,1,1,0,0
6a5df51f06de276f2a6d75e0,Ice-burst Cooling SPF 50 Matte Gel Sunscreen for Oily skin | In-Vivo Tested,Foxtale,Skin > Sun Care > Sunscreen,0,1,0,0,0,1,1,0
6a5df42506de276f2a6d7345,"Glow sunscreen SPF 50, In-Vivo Tested with PA++++",Foxtale,Skin > Sun Care > Sunscreen,0,0,1,1,0,1,0,1
6a5df38e06de276f2a6d7235,Exfoliating Facial Toner,Foxtale,Skin > Toner > Toners & Mist,0,1,1,0,0,0,1,1
6a5df2d406de276f2a6d70bc,Glow Toner + Makeup Setting Spray,Foxtale,Setting Spray > Skin > Toner,0,0,1,1,0,0,0,1
6a59cc5e020df4e9ca9844c5,Aquaporin Booster 5% Cleanser,Minimalist,Cleansers And Exfoliators > Skin,0,1,1,0,0,0,1,1
6a59cb5d020df4e9ca983ea7,Glycolic Acid 8% Exfoliating Liquid,Minimalist,Cleansers And Exfoliators > Skin,0,1,1,0,0,0,1,1
6a59cab1020df4e9ca983bc4,B12 + Oat Extract 6.5% Gentle Cleanser,Minimalist,Cleansers And Exfoliators > Skin,0,1,1,0,0,0,1,1
6a59c8c7020df4e9ca9833b5,Polyhydroxy Acid (PHA) 3% Face Toner,Minimalist,Skin > Toner > Toners & Mist,1,1,0,0,0,0,0,1
6a59c76e020df4e9ca983232,Vitamin C + E + Ferulic 16% Face Serum,Minimalist,Serum > Serums And Essences > Skin,0,1,0,1,0,0,1,1
6a59c6f3020df4e9ca982ebc,Vitamin C + E + Ferulic 16% Face Serum,Minimalist,Serum > Serums And Essences > Skin,0,1,0,1,0,0,1,1
6a59c60e281d516a6f059503,Vitamin C 10% Face Serum,Minimalist,Serum > Serums And Essences > Skin,0,0,1,1,0,0,1,1
6a59c5b6281d516a6f059473,Vitamin C 10% Face Serum,Minimalist,Serum > Serums And Essences > Skin,0,0,1,1,0,0,1,1
6a59c14150b0dd87ec4703e8,Vitamin B5 10% Moisturizer,Minimalist,Moisturizer > Skin,0,1,1,0,0,0,0,0
6a59c09850b0dd87ec46f908,Vitamin B5 10% Moisturizer,Minimalist,Moisturizer > Skin,0,1,1,0,0,0,0,0
6a59bffc50b0dd87ec46f4ad,SPF 50 Sunscreen,Minimalist,Bath & Body,0,0,0,0,0,1,0,0
6a59bf9c50b0dd87ec46f18e,SPF 50 Sunscreen,Minimalist,Bath & Body,0,0,0,0,0,1,0,0
6a59bf0250b0dd87ec46ebc9,SPF 50 Sunscreen,Minimalist,Skin > Sun Care > Sunscreen,0,0,0,0,0,1,0,0
6a59be7b50b0dd87ec46eb3c,Salicylic Acid + LHA 2% Cleanser,Minimalist,Bath & Body,1,1,1,0,0,0,1,1
6a59bd6d50b0dd87ec46df19,Salicylic Acid + LHA 2% Cleansers,Minimalist,Cleansers And Exfoliators > Face Washes & Cleansers > Skin,1,1,1,0,0,0,1,1
6a59bc4250b0dd87ec46d775,SPF 30 Body Lotion,Minimalist,Bath & Body,0,0,1,0,0,1,0,0
6a59b72a50b0dd87ec46ca52,Salicylic Acid + LHA 2% Body Wash,Minimalist,Bath & Body,1,1,1,0,0,0,1,1
6a59b69050b0dd87ec46c5c1,Niacinamide 5% Body Lotion,Minimalist,Bath & Body,0,1,1,0,0,0,1,0
6a59b59550b0dd87ec46bb71,Nonapeptide + AHA 6% Underarm Roll-On,Minimalist,Bath & Body,1,1,0,1,1,0,1,1
6a58c10850b0dd87ec4619d8,Ceramide & Vitamin C Moisturizing Cream,Dr Sheth's,Moisturizer > Skin,0,0,1,1,0,0,0,0
6a58c0b150b0dd87ec46191e,Kesar & Kojic Acid Moisturizing Cream,Dr Sheth's,Moisturizer > Skin,0,0,1,1,0,0,0,0
6a58c04c50b0dd87ec4616e1,Centella & Niacinamide Moisturizing Cream,Dr Sheth's,Moisturizer > Skin,1,1,1,0,0,0,1,0
6a58bfca50b0dd87ec4611b5,Haldi & Hyaluronic Acid Sleeping Mask,Dr Sheth's,Moisturizer > Skin,0,0,1,1,0,0,0,1
6a58bf1050b0dd87ec4608ca,Centella & Niacinamide Moisturizing Cream,Dr Sheth's,Moisturizer > Skin,1,0,1,0,0,0,1,0
6a58be8c50b0dd87ec45edb1,Oats & Ceramide Sensitive Skin Moisturizer,Dr Sheth's,Moisturizer > Skin,0,1,1,0,0,0,1,0
6a58bdc250b0dd87ec45ea6b,Kesar & Kojic Acid Oil Free Moisturizer,Dr Sheth's,Moisturizer > Skin,0,1,0,1,0,0,0,0
6a58b7c950b0dd87ec45dade,Kesar & Kojic Acid Moisturizing Cream,Dr Sheth's,Moisturizer > Skin,0,0,1,1,0,0,1,0
6a58b6f550b0dd87ec45d81c,Ceramide & Vitamin C Moisturizing Cream,Dr Sheth's,Moisturizer > Skin,0,0,1,1,0,0,0,1
6a58b65a50b0dd87ec45d39d,Ceramide & Vitamin C Oil-Free Moisturize,Dr Sheth's,Moisturizer > Skin,0,1,1,1,0,0,0,0
6a58b5c150b0dd87ec45ccf0,Ceramide & Vitamin C Brightening Oil-Free Moisturizer,Dr Sheth's,Moisturizer > Skin,0,1,1,1,0,0,0,0
6a58a9f8dad62cb26ffe7d37,Moringa & Vitamin C Cleansing Oil,Dr Sheth's,Cleansers And Exfoliators > Compact > Skin,0,0,1,1,0,1,0,1
6a58a99cdad62cb26ffe7ade,Gulab & Glycolic Acid Face Wash,Dr Sheth's,Cleansers And Exfoliators > Face Washes & Cleansers > Skin,1,0,1,1,0,0,0,1
6a58a88cdad62cb26ffe687c,Cica & Ceramide Gentle Cleanser,Dr Sheth's,Cleansers And Exfoliators > Skin,0,0,1,0,0,0,1,1
6a58a80873c22d2b901cbfdc,Oats & Ceramide Sensitive Skin Cleanser,Dr Sheth's,Cleansers And Exfoliators > Skin,0,0,1,0,0,0,1,1
6a58a79f73c22d2b901cbc51,Kesar & Kojic Acid Face Wash,Dr Sheth's,Face Washes & Cleansers > Skin,0,0,1,1,0,0,1,0
6a58a6f373c22d2b901cba59,Neem & Salicylic Acid Foaming Face Wash,Dr Sheth's,Face Washes & Cleansers > Skin,1,0,0,0,0,0,0,0
6a58a6a273c22d2b901cb8d2,Neem & Salicylic Acid Face Wash,Dr Sheth's,Face Washes & Cleansers > Skin,1,1,1,0,0,0,1,1
6a58a5cc73c22d2b901ca899,Tea Tree & Lactic Acid Body Lotion,Dr Sheth's,Bath & Body,1,1,0,0,0,0,0,1
6a58a59a73c22d2b901ca5ac,Kesar & Kojic Acid Body Lotion,Dr Sheth's,Bath & Body,0,0,1,1,0,0,1,0
6a58a55273c22d2b901ca505,Ceramide & Vitamin C Body Lotion,Dr Sheth's,Bath & Body,0,0,1,1,0,0,0,1
6a58a50873c22d2b901ca45e,Tea Tree & Lactic Acid Body Lotion,Dr Sheth's,Bath & Body,1,1,0,0,0,0,0,1
6a58a49873c22d2b901ca0cb,Gulab & Glycolic Acid Body Wash,Dr Sheth's,Bath & Body,0,0,1,1,0,0,1,1
6a58a46173c22d2b901ca03c,Licorice & Lactic Acid Body Wash,Dr Sheth's,Bath & Body,0,1,0,1,0,0,0,1
6a58a41773c22d2b901c9e4a,Ceramide & Vitamin C Body Wash,Dr Sheth's,Bath & Body,0,0,1,1,0,0,1,1
6a58a3cf73c22d2b901c9557,Neem & Salicylic Acid Body Wash,Dr Sheth's,Bath & Body,1,1,1,0,0,0,0,1
6a58a33373c22d2b901c93eb,Ashwagandha & Alpha Arbutin Sunscreen,Dr Sheth's,Skin > Sun Care > Sunscreen,0,0,1,1,0,1,0,0
6a58a2f673c22d2b901c9368,Centella & Niacinamide Oil-Free Matte Sunscreen,Dr Sheth's,Skin > Sun Care > Sunscreen,1,1,1,0,0,1,1,0
6a58a2a473c22d2b901c886a,100% Mineral Invisible Fluid Sunscreen,Dr Sheth's,Skin > Sun Care > Sunscreen,0,0,0,0,0,1,0,0
6a58a222227241015b071cd4,Oats & Ceramide Sunscreen for Sensitive Skin,Dr Sheth's,Skin > Sun Care > Sunscreen,0,0,1,0,0,1,1,0
6a58a1cb227241015b071b3f,Waterproof Mineral Sunscreen,Dr Sheth's,Skin > Sun Care > Sunscreen,0,1,0,0,0,1,0,0
6a58a182227241015b071abc,Ceramide & Vitamin C Oil Free Sunscreen,Dr Sheth's,Skin > Sun Care > Sunscreen,0,1,1,1,0,1,0,0
6a58a12e227241015b0719ba,Ceramide & Vitamin C Long Lasting Sunscreen,Dr Sheth's,Skin > Sun Care > Sunscreen,0,1,1,1,0,1,0,0
6a58a016227241015b071867,Centella & Niacinamide Oil & Acne Control Sunscreen,Dr Sheth's,Skin > Sun Care > Sunscreen,1,1,0,0,0,1,1,0
6a574cde78fc121d97693239,Hydrate+ Refresh Toning Mist,Aqualogica,Skin > Toner > Toners & Mist,0,0,1,0,0,0,0,0
6a574c6c78fc121d976931a3,3-in-1 Tinted Sun Serum,Aqualogica,Serum > Serums And Essences > Skin,0,0,0,1,0,1,0,0
6a574a1378fc121d97692f8f,Detan+ Concentrate Face Serum with Cherry Tomato & Glycolic Acid for Tan Removal,Aqualogica,Serum > Serums And Essences > Skin,0,0,1,1,0,0,0,1
6a5749bd78fc121d97692df9,Radiance+ Concentrate Face Serum,Aqualogica,Face > Serum > Serums And Essences,0,1,0,0,0,0,0,1
6a57496f78fc121d97692cb9,Bright+ Smoothie Face Wash,Aqualogica,Face Washes & Cleansers > Skin,0,1,1,1,0,0,0,1
6a57492778fc121d97692c2d,5 Barrier+ Repair Gentle Cleanser with Avocado & 5 Essential Ceramides,Aqualogica,Cleansers And Exfoliators > Face Washes & Cleansers > Skin,0,0,1,0,0,0,1,1
6a5748dc78fc121d97692b12,IIIuminate+ Smoothie Face Wash with Wild Berries & Alpha Arbutin for Luminous Glow,Aqualogica,Face Washes & Cleansers > Skin,0,0,0,1,0,0,0,1
6a57488f78fc121d97692885,Glow+ Smoothie Face Wash with Papaya & Vitamin C for Glowing Skin,Aqualogica,Cleansers And Exfoliators > Face Washes & Cleansers > Skin,0,0,0,1,0,0,1,1
6a57349a78fc121d97690493,Glow+ Hydra Gel Moisturizer with Vitamin C & Papaya,Aqualogica,Moisturizer > Skin,0,0,1,1,0,0,1,1
6a57345878fc121d97690408,5 Barrier+ Hydra Gel Moisturizer with Avocado & 5 Essential Ceramides,Aqualogica,Moisturizer > Skin,0,0,1,0,0,0,0,0
6a57342278fc121d9769037e,Illuminate+ Oil Free Moisturizer with Wild Berries & Alpha Arbutin for Luminous Glow,Aqualogica,Moisturizer > Skin,0,1,1,1,0,0,0,1
6a5733ef78fc121d976902f4,Bright+ Oil Free Moisturizer,Aqualogica,Moisturizer > Skin,0,0,1,1,0,0,0,0
6a5733ad78fc121d97690269,Radiance+ JellO Moisturizer,Aqualogica,Moisturizer > Skin,1,1,1,0,0,0,0,1
6a57336d78fc121d976900b7,Radiance+ Oil Free Moisturizer with Watermelon & Niacinamide for Radiant Skin,Aqualogica,Moisturizer > Skin,0,1,1,0,0,0,0,1
6a57332778fc121d9768feed,Glow+ Oil Free Moisturizer with Papaya & Vitamin C for Glowing Skin,Aqualogica,Moisturizer > Skin,0,1,1,1,0,0,0,1
6a5732ea78fc121d9768fd84,Bright+ Hydra Gel Moisturizer with Blueberry & Kojic Acid,Aqualogica,Moisturizer > Skin,0,0,1,1,0,0,0,0
6a5732a278fc121d9768fae2,5 Barrier+ Hydra Gel Moisturizer with Avocado & 5 Essential Ceramides,Aqualogica,Moisturizer,0,0,1,0,0,0,0,0
6a572ffa78fc121d9768ef5b,Refresh+ Perfume Body Mist - Ocean Breeze with Zemea & Hyaluronic Acid,Aqualogica,Fragrances,0,0,1,0,0,0,0,0
6a572fab78fc121d9768eb3f,Refresh+ Dewy Floral Kiss Perfume Body Mist with Zemea & Hyaluronic Acid,Aqualogica,Fragrances,0,0,1,0,0,0,0,0
6a572f2378fc121d9768ea02,Refresh+ Sweet Summer Kiss Perfume Body Mist with Zemea and Hyaluronic Acid,Aqualogica,Fragrances,0,0,1,0,0,0,0,0
6a572ee778fc121d9768e79f,Refresh+ Cherry Blossom Bloom Perfume Body Mist with Zemea and Hyaluronic Acid,Aqualogica,Fragrances,0,0,1,0,0,0,0,0
6a572ea578fc121d9768e71a,Refresh+ Mid Night Bloom Perfume Body Mist with Zemea & Hyaluronic Acid,Aqualogica,Fragrances,0,0,1,0,1,0,0,0
6a572e6478fc121d9768e61b,Refresh+ Sun Kissed Vanilla Perfume Body Mist with Zemea & Hyaluronic Acid,Aqualogica,Fragrances,0,0,1,0,0,0,0,0
6a572e1f78fc121d9768e3c0,Refresh+ Perfume Body Mist - Salted Caramel Crush,Aqualogica,Fragrances,0,0,0,0,0,0,0,0
6a572d6d78fc121d9768def1,Illuminate+ Dewy Sunscreen In-Vivo Tested SPF 50+ PA++++ with Wild Berries & Alpha Arbutin,Aqualogica,Skin > Sun Care > Sunscreen,0,0,1,1,0,1,0,0
6a572d2d78fc121d9768ddc7,Radiance+ Dewy Sunscreen In-Vivo Tested with Watermelon & Niacinamide with SPF 50 & PA++++,Aqualogica,Skin > Sun Care > Sunscreen,0,0,1,0,0,1,0,1
6a572ce078fc121d9768d914,Detan+ Dewy Gel Sunscreen SPF 50+ PA++++ with 2% Kojic-Hyaluron Complex™ & Wild Berries,Aqualogica,Skin > Sun Care > Sunscreen,0,0,1,1,0,1,1,1
6a572c9778fc121d9768d88d,Bright+ Makeup-Set Sunscreen Mist SPF 50+ PA++++ with Blueberry & Kojic Acid,Aqualogica,Skin > Sun Care > Sunscreen,0,0,1,1,0,1,0,0
6a572c4378fc121d9768d7f0,Radiance+ Water Light Fluid Sunscreen,Aqualogica,Skin > Sun Care > Sunscreen,0,1,1,0,0,1,0,1
6a572bf678fc121d9768d767,Detan+ Dewy Gel Sunscreen SPF 50+ PA++++ with 2% Kojic-Hyaluron Complex™ & Wild Berries,Aqualogica,Skin > Sun Care > Sunscreen,0,0,1,1,0,1,1,1
6a572bb278fc121d9768d6e0,5 Barrier+ Repair Sunscreen with Avocado & 5 Essential Ceramides,Aqualogica,Skin > Sun Care > Sunscreen,0,0,1,0,0,1,0,0
6a572b5078fc121d9768d333,Illuminate+ Dewy Sunscreen SPF 50+ PA++++ with Wild Berries & Alpha Arbutin,Aqualogica,Skin > Sun Care > Sunscreen,0,0,1,1,0,1,0,0
6a572af678fc121d9768d193,Radiance+ Dewy Sunscreen In-Vivo Tested with Watermelon & Niacinamide with SPF 50 & PA++++ -,Aqualogica,Skin > Sun Care > Sunscreen,0,0,1,0,0,1,0,1
6a572a8b78fc121d9768d100,Illuminate+ Dewy Gel Sunscreen SPF 50+ PA++++ with 2% Arbutin-Hyaluron Complex,Aqualogica,Skin > Sun Care > Sunscreen,0,0,1,1,0,1,0,0
6a572a3878fc121d9768cfd7,Bright+ Tone Up Sunscreen,Aqualogica,Skin > Sun Care > Sunscreen,0,0,1,1,0,1,0,0
6a5729d278fc121d9768cd3d,Barrier+ Repair Sunscreen,Aqualogica,Skin > Sun Care > Sunscreen,0,0,1,0,0,1,1,0
6a5728b678fc121d9768cb3f,Detan+ Dewy Sunscreen,Aqualogica,Skin > Sun Care > Sunscreen,0,0,1,1,0,1,0,0
6a57284778fc121d9768c9ff,Detan+ Oil Balance Fluid Sunscreen for Oily Skin,Aqualogica,Skin > Sun Care > Sunscreen,0,1,1,0,0,1,0,0
6a5727ed78fc121d9768c95f,Glow+ Dewy Sunstick with SPF 50+ & PA++++ for Easy Reapplication & No White Cast,Aqualogica,Skin > Sun Care > Sunscreen,0,0,1,1,0,1,0,1
6a57277a78fc121d9768c8c5,Glow+ Infused Water Sunscreen with Papaya & Vitamin C,Aqualogica,Skin > Sun Care > Sunscreen,0,0,1,1,0,1,0,1
6a57271c78fc121d9768c829,Illuminate+ Dewy Sunscreen In-Vivo Tested SPF 50+ PA++++ with Wild Berries & Alpha Arbutin,Aqualogica,Skin > Sun Care > Sunscreen,0,0,0,1,0,1,0,0
6a5720fb78fc121d9768bd0a,Arata UV-Defence Sunscreen Gel,Arata,Skin > Sun Care > Sunscreen,0,0,1,1,0,1,0,0
6a57209778fc121d9768bc81,Arata Oil-Control Face Wash,Arata,Cleansers And Exfoliators > Face Washes & Cleansers > Skin,1,1,1,0,0,0,0,1
6a571fb478fc121d9768bab6,Arata Damage Defence Super Conditioner,Arata,Bath & Body,0,0,1,0,0,0,0,0
6a571f2578fc121d9768b70c,Arata Anti-Dandruff Conditioner,Arata,Bath & Body,1,0,0,0,0,0,0,0
6a571e3878fc121d9768b4ab,Arata Anti-Breakage Intensive Conditioner,Arata,Bath & Body,0,0,1,0,0,0,0,0
6a571a5e78fc121d9768abeb,Arata Damage Defence Super Shampoo,Arata,Bath & Body,0,0,1,0,0,0,1,0
6a5719e278fc121d9768a99d,Arata Damage Defence Super Conditioner,Arata,Bath & Body,0,0,0,0,0,0,0,0
6a57195b78fc121d9768a588,Arata Hydrating Body Lotion,Arata,Bath & Body,0,0,0,0,0,0,0,0
6a57190c78fc121d9768a2e7,Arata Damage Defence Super Shampoo (50 ml),Arata,Bath & Body,0,0,0,0,0,0,0,0
6a57134c78fc121d97689cb9,Arata Smoothening Body Wash,Arata,Bath & Body,1,1,1,0,0,0,0,1
6a57130678fc121d97689c3a,Arata Brightening Face Serum,Arata,Face > Serum > Serums And Essences,0,0,1,1,1,0,1,1
6a57128178fc121d97689bb1,Arata Odour Control Body Wash,Arata,Bath & Body,0,0,1,0,0,0,0,1
6a57123978fc121d97689b31,Arata Smoothening Body Lotion,Arata,Bath & Body > Moisturizer > Skin,1,0,1,0,0,0,0,1
6a5711c378fc121d97689aa9,Arata Damage Defence Super Serum,Arata,Serum > Serums And Essences > Skin,0,0,0,0,0,0,0,0
6a57116078fc121d97689a1e,Arata Advanced Curl Care Leave-In Conditioner,Arata,Bath & Body,0,0,1,0,0,0,0,0
6a5710fd78fc121d9768999b,Arata Anti-Dandruff Shampoo,Arata,Bath & Body,1,0,0,0,0,0,1,0
6a562cfa78fc121d976861cc,Arata Texturising Sea Salt Styling Spray,Arata,Setting Spray > Skin,0,0,1,0,0,0,0,0
6a562baa78fc121d97685ae6,Arata Hydrating Body Milk,Arata,Moisturizer > Skin,0,0,1,0,0,0,0,0
6a55f9791d4882cf3679519a,Damage Defence Super Shampoo,Arata,Bath & Body,0,0,1,0,0,0,1,0
6a5330e5513ea23438f94c4a,5% AHA BHA Face Gel,The Derma Co,Skin,1,1,0,0,0,0,0,1
6a53308a513ea23438f94bb4,Nia-Ceramide Barrier Repair Face Wash with 2% Niacinamide and 1% Ceramide,The Derma Co,Face Washes & Cleansers > Skin,0,0,1,0,0,0,1,0
6a53302c513ea23438f94b2f,10% Cica-Glow Face Serum with Tranexamic Acid & Kojic Acid,The Derma Co,Serum > Serums And Essences > Skin,1,0,1,1,0,0,1,1
6a532f63513ea23438f94944,C-Cinamide Radiance Serum With 10% Vitamin C & 5% Niacinamide,The Derma Co,Serum > Serums And Essences > Skin,1,0,0,1,0,0,0,1
6a532f01513ea23438f948bc,1% Salicylic Acid Sheet Mask With Salicylic Acid & Allantoin,The Derma Co,Sheet Mask > Skin,1,1,1,0,0,0,1,1
6a532ea3513ea23438f94839,Hypochlorous Anti-Acne Hydrating Spray,The Derma Co,Skin,1,0,1,0,0,0,1,0
6a532e3d513ea23438f947b2,2% Niacinamide Hydrating BB Cream with 1% Hyaluronic Acid Complex & Aquaxyl- 30 g,The Derma Co,Bb & Cc Creams > Skin,0,0,1,1,0,1,0,0
6a532d71513ea23438f9471f,Mattifying 100% Mineral Powder Sunscreen with SPF 50 For On The Go Broad Spectrum Protection,The Derma Co,Skin > Sun Care > Sunscreen,0,1,0,0,0,1,0,0
6a532d05513ea23438f945bd,C-Cinamide Radiance Sunscreen Aqua Gel,The Derma Co,Skin > Sun Care > Sunscreen,0,1,0,1,0,1,0,1
6a532c9f513ea23438f94538,5% Nia-Ceramide Deep Moisturizing Cream with 5% Niacinamide & 1% Ceramide,The Derma Co,Moisturizer > Skin,0,0,1,1,0,0,0,0
6a532c3e513ea23438f944b0,2% Salicylic BHA Hydrating Toner,The Derma Co,Skin > Toner > Toners & Mist,1,1,1,1,0,0,0,0
6a532bde513ea23438f94429,"4% Ceramide Barrier Repair Moisturizer with Ceramide, Niacinamide, and Oxylance",The Derma Co,Moisturizer > Skin,0,0,1,0,0,0,0,0
6a532703513ea23438f940a8,"4% Urea Deep Moisturizing Cream with Urea, Lactic Acid, and Ceramide Complex",The Derma Co,Moisturizer > Skin,0,0,1,0,0,0,0,1
6a5326a1513ea23438f94021,3% Vitamin E Face Moisturizer With Vitamin E & Lactic Acid,The Derma Co,Face Moisturizer > Skin,0,0,1,0,0,0,0,1
6a532633513ea23438f93f7e,1% Hyaluronic Sunscreen Aqua Gel,The Derma Co,Skin > Sun Care > Sunscreen,0,0,1,0,0,1,0,0
6a53258a513ea23438f93e73,Snail Peptide 96 Hydrating Face Wash with Snail Mucin & Peptide Complex for Deep Hydration,The Derma Co,Cleansers And Exfoliators > Face Washes & Cleansers > Skin,0,0,1,0,1,0,1,1
6a5324d7513ea23438f93de6,"1% Salicylic Acid Foaming Daily Face Wash with Salicylic Acid, Zinc PCA & PHA",The Derma Co,Cleansers And Exfoliators > Face Washes & Cleansers > Skin,1,1,0,0,0,0,1,1
6a532478513ea23438f93d63,5% Nia-Ceramide Intense Moisturizing Cream,The Derma Co,Moisturizer > Skin,0,0,1,0,0,0,0,0
6a5322c3513ea23438f9399e,2% Salicylic Acid Gel Daily Face Wash,The Derma Co,Cleansers And Exfoliators > Face Washes & Cleansers > Skin,1,1,0,0,0,0,0,1
6a5321ef513ea23438f9379f,Hyaluronic Invisible Sunscreen Gel with Hyaluronic Acid & Vitamin E,The Derma Co,Skin > Sun Care > Sunscreen,0,0,1,0,0,1,0,0
6a532158513ea23438f935fd,5% Cica-Glow Daily Face Moisturizer with Alpha Arbutin & Tranexamic Acid,The Derma Co,Face > Face Moisturizer > Skin,0,0,1,1,0,0,1,1
6a532079513ea23438f93413,7% Glycolic Acid Hydrating Toner with Glycolic Acid & Hyaluronic Acid For Gentle Exfoliation,The Derma Co,Cleansers And Exfoliators > Skin > Toner,0,0,1,1,0,0,1,1
6a531f5a513ea23438f931ff,Nia-Zelaic Oil Control Face Serum,The Derma Co,Serum > Serums And Essences > Skin,1,1,0,0,0,0,1,0
6a531ed4513ea23438f9309b,5% Propylene Oil-Free Moisturizer with Propylene Glycol & Hyaluronic Acid,The Derma Co,Moisturizer > Skin,1,1,1,0,0,0,0,0
6a531e62513ea23438f93013,1% Kojic Acid Daily Glow Body Serum-Lotion For Skin Radiance,The Derma Co,Serum > Serums And Essences > Skin,0,0,1,1,0,0,0,1
6a531dc2513ea23438f92f84,10% Niacinamide Face Serum with 2% Zinc PCA,The Derma Co,Serum > Serums And Essences > Skin,1,1,0,0,0,0,0,0
6a531d57513ea23438f92eff,1% Vitamin C Brightening Lip Balm,The Derma Co,Lip Balm > Lips > Skin,0,0,1,1,0,0,0,0
6a531cc9513ea23438f92dec,"Ultra Light Zinc Mineral Sunscreen with SPF 50 For Broad Spectrum, UVA, UVB & Blue Light Protection",The Derma Co,Skin > Sun Care > Sunscreen,0,0,0,0,1,1,0,0
6a5318ef513ea23438f92ba3,2% Salicylic Acid Mask,The Derma Co,Mask > Masks & Peels > Skin,1,1,0,0,0,0,0,1
6a531835513ea23438f92a61,3% Niacinamide Foaming Face Wash,The Derma Co,Cleansers And Exfoliators > Face Washes & Cleansers > Skin,1,0,0,1,0,0,1,1
6a5317b7513ea23438f929da,1% Hyaluronic Tinted Sunscreen Gel with SPF 60 & PA++++ for Broad Spectrum Protection,The Derma Co,Skin > Sun Care > Sunscreen,0,0,1,0,0,1,0,0
6a5316b5513ea23438f9283e,"1% Salicylic Acid Daily Exfoliating Body Wash with Salicylic Acid , Glycolic Acid & PENTAVITIN",The Derma Co,Bath & Body,1,1,1,0,0,0,0,1
6a531569513ea23438f9272c,2% Alpha Arbutin Face Serum,The Derma Co,Serum > Serums And Essences > Skin,1,0,0,1,0,0,0,0
6a520cb4513ea23438f8e3cc,2% Kojic Acid Advanced Face Cream,The Derma Co,Face > Face Moisturizer,0,0,0,1,0,0,0,0
6a520b72513ea23438f8e19d,20% Vitamin C Face Serum,The Derma Co,Serum > Serums And Essences > Skin,0,0,0,1,0,0,0,1
6a520ad3513ea23438f8df14,The Derma Co. X Dr V Skin Renew Peptide Under Eye Cream,The Derma Co,Eye Care > Eye Cream & Serums > Eyes,0,0,1,0,1,0,0,0
6a520a7c513ea23438f8de1a,1% Hyaluronic Moisturizing Sunscreen Body Lotion In-Vivo Tested,The Derma Co,Bath & Body,0,0,1,0,0,1,0,0
6a520a35513ea23438f8dd9a,"4% Ceramide Barrier Repair Moisturizer with Ceramide, Niacinamide, and Oxylance -",The Derma Co,Moisturizer > Skin,0,0,1,0,0,0,0,0
6a5209d2513ea23438f8dd15,15% AHA+1% BHA Beginner Face Peeling Solution,The Derma Co,Serum > Serums And Essences > Skin,0,1,0,0,0,0,0,1
6a52097e513ea23438f8dc7f,Pore Minimizing Daily Face Moisturizer with 3% Niacinamide 3% PHA and p-REFINYL,The Derma Co,Moisturizer > Skin,0,1,1,0,0,0,0,1
6a52091f513ea23438f8dbf8,5% Vitamin C Daily Face Serum with Ferulic Acid & Multivitamin,The Derma Co,Serum > Serums And Essences > Skin,0,0,0,1,0,0,0,1
6a5208cf513ea23438f8db71,5% Caffeine Under Eye Serum,The Derma Co,Eye Care > Eyes,0,0,0,1,0,0,0,0
6a520889513ea23438f8daf2,Pore Minimizing Clay Daily Face Wash with 1% Niacinamide & 2% PHA,The Derma Co,Cleansers And Exfoliators > Face Washes & Cleansers > Skin,0,1,0,0,0,0,0,1
6a520840513ea23438f8da6d,3% Kojic Acid Dark Spot Corrector Gel with Azelaic & Tranexamic Acids,The Derma Co,Skin,1,0,0,1,0,0,0,0
6a5207ec513ea23438f8d9ee,Tran-Zelaic Pigmentation Corrector Serum with Tranexamic Acid & Azelaic Acid,The Derma Co,Serum > Serums And Essences > Skin,1,0,0,1,0,0,0,0
6a5206e9513ea23438f8d8dd,1% Kojic + Arbutin Night Repair Face Serum-Gel,The Derma Co,Night Cream > Serum > Serums And Essences,0,0,0,1,0,0,0,0
6a520679513ea23438f8d853,1% Kojic Acid Daily Brightening Body Wash with Alpha Arbutin For Dark Spots & Pigmentation,The Derma Co,Bath & Body,0,0,1,1,0,0,0,0
6a52061c513ea23438f8d7cf,"2% Niacinamide Oily Skin Cleanser for Sensitive, Oily & Combination Skin 125 ml Non-Irritant | 100% Soap-Free | Non-Drying | Gently Cleanses Makeup",The Derma Co,Cleansers And Exfoliators > Skin,0,1,1,0,0,0,1,1
6a5205c0513ea23438f8d669,2% Kojic Acid Cream,The Derma Co,Face > Face Moisturizer > Face Washes & Cleansers,1,0,0,1,0,0,0,0
6a520502513ea23438f8d5cb,Kojic Acid + Glutathione Daily Syndet Soap with L-Glutathione & Alpha Arbutin (Pack Of 2)),The Derma Co,Bath & Body,0,0,1,1,0,0,0,0
6a520492513ea23438f8d544,15% Vitamin C Face Serum,The Derma Co,Serum > Serums And Essences > Skin,0,0,0,1,0,0,0,1
6a520434513ea23438f8d4b0,"2% Niacinamide Gentle Skin Cleanser for Sensitive, Dry & Normal Skin",The Derma Co,Cleansers And Exfoliators > Face Washes & Cleansers > Skin,0,0,1,0,0,0,1,1
6a5203c3513ea23438f8d414,5% Nia-Ceramide Daily Hydrating Moisturizer with 5% Niacinamide & 2% Ceramide,The Derma Co,Moisturizer > Skin,0,0,1,0,0,0,0,0
6a5202da513ea23438f8d284,"2% Vitamin C Gel Daily Face Wash with Vitamin C, Rosehip & Orange Peel Extract for Glowing Skin - 80ml",The Derma Co,Cleansers And Exfoliators > Face Washes & Cleansers > Skin,0,0,0,1,0,0,0,1
6a520144513ea23438f8d060,2% Cica-Glow Daily Face Wash with Tranexamic Acid & Licorice Extract,The Derma Co,Cleansers And Exfoliators > Face Washes & Cleansers > Skin,0,0,1,1,0,0,1,1
6a5200ce513ea23438f8cfc2,Snail Peptide 96 Under Eye Repair Cream with Snail Mucin & Peptide Complex For Dark Circles & Puffiness,The Derma Co,Eye Care > Eyes,0,0,1,0,1,0,0,0
6a520072513ea23438f8cf40,5% Nia-Ceramide Mattifying Moisturizer with 5% Niacinamide & 2% Ceramide,The Derma Co,Cleansers And Exfoliators > Face Washes & Cleansers > Skin,0,1,1,0,0,0,0,1
6a520026513ea23438f8cebc,Pore Minimizing Sunscreen Gel For Open Pores & UVA/UVB Protection,The Derma Co,Skin > Sun Care > Sunscreen,0,1,0,0,0,1,0,0
6a51ffc8513ea23438f8ce3a,"Pore Minimizing Face Serum with 4% Niacinamide, 5% PHA and p-REFINYL",The Derma Co,Serum > Serums And Essences > Skin,0,1,0,0,0,0,0,1
6a51ff15513ea23438f8ccfd,2% Salicylic Acid Gel Face Wash with Salicylic Acid & Witch Hazel,The Derma Co,Cleansers And Exfoliators > Face Washes & Cleansers > Skin,1,1,0,0,0,0,0,1
6a51fe40513ea23438f8cc4c,5% Niacinamide Daily Face Serum with Alpha Arbutin & Multivitamin,The Derma Co,Serum > Serums And Essences > Skin,0,0,0,1,0,0,0,0
6a51fdd9513ea23438f8cac4,1% Salicylic Acid Oil-Free Moisturizer For Face with Oat Extract,The Derma Co,Cleansers And Exfoliators > Face Washes & Cleansers > Skin,1,1,1,0,0,0,0,1
6a51fd91513ea23438f8ca41,1% Kojic Acid Lip Balm With Alpha Arbutin & Hyaluronic Acid,The Derma Co,Lip Balm > Lips > Skin,0,0,1,1,0,0,0,0
6a51fc32513ea23438f8c7be,1% Hyaluronic Long Lasting Sunscreen SPF 50 & PA++++ with Hyaluronic Acid & Vitamin E for Upto 6-Hour Sun Protection,The Derma Co,Skin > Sun Care > Sunscreen,0,0,1,0,0,1,0,0
6a51fbd1513ea23438f8c73d,Ultra Matte Sunscreen Gel,The Derma Co,Skin > Sun Care > Sunscreen,1,1,0,0,0,1,0,0
6a51fb34513ea23438f8c692,1% Hyaluronic Sunscreen Oil-Free Matte Gel,The Derma Co,Skin > Sun Care > Sunscreen,0,1,1,0,0,1,0,0
6a51fab4513ea23438f8c5fd,Peptide-Stem Cell Hair Fall Control Shampoo,The Derma Co,Bath & Body,0,0,0,0,1,0,1,0
6a51fa5e513ea23438f8c579,Triple Actives Anti-Dandruff Shampoo,The Derma Co,Bath & Body,1,0,1,0,0,0,1,1
6a51f9f3513ea23438f8c4ed,1% Kojic Acid Lip Balm with Alpha Arbutin & Hyaluronic Acid with SPF 50,The Derma Co,Lip Balm > Lips > Skin,0,0,1,1,1,1,0,0
6a51f999513ea23438f8c468,2% Salicylic Acid Face Serum for Active Acne,The Derma Co,Serum > Serums And Essences > Skin,1,1,0,0,0,0,1,0
6a51f883513ea23438f8c3df,1% Hyaluronic Sunscreen Oil-Free Matte Gel In Vivo Tested,The Derma Co,Skin > Sun Care > Sunscreen,1,1,1,0,0,1,0,0
6a51f816513ea23438f8c359,2% Kojic Acid Face Serum with 1% Alpha Arbutin & Niacinamide,The Derma Co,Serum > Serums And Essences > Skin,0,0,0,1,0,0,0,0
6a50bca0513ea23438f832bf,Clean It Off Makeup Remover,kiro beauty,Makeup > Makeup Remover,0,0,0,0,0,0,1,0
6a50bc5f513ea23438f83234,CLEAN IT OFF MAKEUP REMOVER,kiro beauty,Makeup > Makeup Remover,0,0,0,0,0,0,1,0
6a50bbca513ea23438f82fd3,Brightening Hydrogel Under Eye Patches (28/14),kiro beauty,Eye Care > Eyes,0,0,0,1,0,0,0,0
6a50bb20513ea23438f82de8,Lip Rizz Gloss,kiro beauty,Lip Gloss > Lips,0,0,1,0,0,0,0,0
6a50b92b513ea23438f82a51,Afterglow Lip & Cheek Tint (5 g),kiro beauty,Makeup,0,0,1,1,0,0,1,1
6a50b74d513ea23438f828af,Just Rollin' Face Sculpting Primer (30 g),kiro beauty,Makeup > Primer,0,0,1,1,1,0,1,0
6a50b60b513ea23438f82735,Shape & Define Lip Liner (0.3 g),kiro beauty,Lip Care > Lips > Makeup,0,0,0,1,0,0,0,0
6a50a26a513ea23438f81f6a,Wonder Wand Multi-Stick (7.5g),kiro beauty,Blush > Lips > Makeup,0,0,0,0,0,0,0,0
6a509e9a513ea23438f81d9a,Four Play Non-Stop Airy Matte Liquid Lip (6ml),kiro beauty,Lips,0,0,1,0,0,0,0,0
6a509b67513ea23438f81b74,Waterproof soft - matte Eyeliner Pen,kiro beauty,Eye - Makeup > Eyeliner > Eyes,0,0,0,0,0,0,0,0
6a4f6fd5513ea23438f75036,Splendid Rose EDP,NEESH,Fragrances,0,0,0,0,0,0,0,0
6a4f6fad513ea23438f74fb3,Splendid Rose EDP,NEESH,Fragrances,0,0,0,0,0,0,0,0
6a4f6f86513ea23438f74f2d,Splendid Rose EDP,NEESH,Fragrances,0,0,0,0,0,0,0,0
6a4f6f13513ea23438f74e1d,Flora Divine EDP,NEESH,Fragrances,0,0,0,0,0,0,0,0
6a4f6eef513ea23438f74d9f,Flora Divine EDP,NEESH,Fragrances,0,0,0,0,0,0,0,0
6a4f6ecb513ea23438f74d1c,Flora Divine EDP,NEESH,Fragrances,0,0,0,0,0,0,0,0
6a4f6e46513ea23438f74c79,Song Of Serenity EDP,NEESH,Fragrances,0,0,0,0,0,0,0,0
6a4f6e17513ea23438f74bf0,Song Of Serenity EDP,NEESH,Fragrances,0,0,0,0,0,0,0,0
6a4f6de7513ea23438f74b6a,Song Of Serenity EDP,NEESH,Fragrances,0,0,0,0,0,0,0,0
6a4f6bb4513ea23438f74315,Luxe Aoud EDP,NEESH,Fragrances,0,0,0,0,0,0,0,0
6a4f6b82513ea23438f74213,Luxe Aoud EDP,NEESH,Fragrances,0,0,0,0,0,0,0,0
6a4f6ad8513ea23438f74004,Luxe Mirage EDP,NEESH,Fragrances,0,0,0,0,0,0,0,0
6a4f6a44513ea23438f73ef3,Luxe Mirage EDP,NEESH,Fragrances,0,0,0,0,0,0,0,0
6a4f6997513ea23438f73d81,Shafran EDP,NEESH,Fragrances,0,0,0,0,0,0,0,0
6a4f695c513ea23438f73c85,Shafran EDP,NEESH,Fragrances,0,0,0,0,0,0,0,0
6a4f6933513ea23438f73c02,Shafran EDP,NEESH,Fragrances,0,0,0,0,0,0,0,0
6a4f669e513ea23438f728d5,Luxe Hayat EDP,NEESH,Fragrances,0,0,0,0,0,0,0,0
6a4f65b6513ea23438f724bb,Luxe Hayat EDP,NEESH,Fragrances,0,0,0,0,0,0,0,0
6a4f6570513ea23438f7242c,Luxe Hayat EDP,NEESH,Fragrances,0,0,0,0,0,0,0,0
6a4f641c513ea23438f71f34,Mehr EDP,NEESH,Fragrances,0,0,0,0,0,0,0,0
6a4f6363513ea23438f71c05,Mehr EDP,NEESH,Fragrances,0,0,0,0,0,0,0,0
6a4f631c513ea23438f71a90,Mehr EDP,NEESH,Fragrances,0,0,0,0,0,0,0,0
6a4f6201513ea23438f7143f,Tobacco Vanilla EDP,NEESH,Fragrances,0,0,0,0,0,0,0,0
6a4f61c0513ea23438f713b8,Tobacco Vanilla EDP,NEESH,Fragrances,0,0,0,0,0,0,0,0
6a4f6163513ea23438f710f5,Tobacco Vanilla EDP,NEESH,Fragrances,0,0,0,0,0,0,0,0
6a4f609e513ea23438f70dc5,Haute Tobacco EDP,NEESH,Fragrances,0,0,0,0,0,0,0,0
6a4f6064513ea23438f70cfb,Haute Tobacco EDP,NEESH,Fragrances,0,0,0,0,0,0,0,0
6a4f6004513ea23438f70a38,Haute Tobacco EDP,NEESH,Fragrances,0,0,0,0,0,0,0,0
6a4f5f0e513ea23438f7038d,Glazed Water EDP,NEESH,Fragrances,0,0,0,0,0,0,0,0
6a4f5ec9513ea23438f70309,Glazed Water EDP,NEESH,Fragrances,0,0,0,0,0,0,0,0
6a4f5dd7513ea23438f6fe30,Signature Scent EDP,NEESH,Fragrances,0,0,0,0,0,0,0,0
6a4f5d9d513ea23438f6fdad,Signature Scent EDP,NEESH,Fragrances,0,0,0,0,0,0,0,0
6a4f5c9f513ea23438f6f9e2,Milkyway EDP,NEESH,Fragrances,0,0,0,0,0,0,0,0
6a4f5c2d513ea23438f6f677,Milkyway EDP,NEESH,Fragrances,0,0,0,0,0,0,0,0
6a4f5ace513ea23438f6ef96,Tsunara EDP,NEESH,Fragrances,0,0,0,0,0,0,0,0
6a4f5a9a513ea23438f6edc3,Tsunara EDP,NEESH,Fragrances,0,0,0,0,0,0,0,0
6a4f5a28513ea23438f6e7e9,Glazed Water EDP,NEESH,Fragrances,0,0,0,0,0,0,0,0
6a4f59d5513ea23438f6e6fd,Signature Scent EDP,NEESH,Fragrances,0,0,0,0,0,0,0,0
6a4f5961513ea23438f6e4df,Milkyway EDP,NEESH,Fragrances,0,0,0,0,0,0,0,0
6a4f4069b770864d759f25a3,Tsunara EDP,NEESH,Fragrances,0,0,1,0,0,0,0,0
6a4e3b7ab770864d759e508c,100% Mineral Sunscreen,Gabit Skincare,Skin > Sun Care > Sunscreen,0,1,0,0,1,1,1,0
6a4e3790b770864d759e2f82,Ceramide & Hyaluronic Face Moisturiser,Gabit Skincare,Moisturizer > Skin,0,0,1,0,0,0,1,0
6a4e35fab770864d759e27ea,Salicylic & Green Tea Face Moisturiser,Gabit Skincare,Moisturizer > Skin,1,1,0,0,0,0,1,0
6a4e3267b770864d759e0e41,Multi-Peptide & Resveratrol Face Serum,Gabit Skincare,Serum > Serums And Essences > Skin,0,0,1,1,1,0,0,0
6a4e30c8b770864d759e0121,8% Vitamin C Face Serum,Gabit Skincare,Serum > Serums And Essences > Skin,0,0,1,1,0,0,1,0
6a4e2e52b770864d759de8db,5% Azelaic Acid Face Serum,Gabit Skincare,Serum > Serums And Essences > Skin,1,0,0,0,0,0,1,1
6a4e14c71c49ef00c4385c83,Retinol Peptide Eye Treatment Serum,Consious Chemist,Serum > Serums And Essences > Skin,0,0,1,0,1,0,0,0
6a4e143d1c49ef00c4385a9b,6 Peptide Booster Complex,Consious Chemist,Serum > Serums And Essences > Skin,0,0,0,0,1,0,1,0
6a4e13bd1c49ef00c4385a08,5 Antioxidant Skin Brightening Serum,Consious Chemist,Serum > Serums And Essences > Skin,0,0,1,1,1,0,0,0
6a4e130e1c49ef00c438596f,Conscious Chemist Acne Dark Spot Corrector Gel (Acne Spot Corrector Gel),Consious Chemist,Serum > Serums And Essences > Skin,1,1,0,1,0,0,1,1
6a4e11d11c49ef00c43857f4,7 Ceramides Milky Toner Spray,Consious Chemist,Skin > Toner > Toners & Mist,0,0,1,0,0,0,0,0
6a4e11261c49ef00c4385139,HOCL Daily Spray,Consious Chemist,Skin > Toner > Toners & Mist,1,0,1,0,0,0,1,0
6a4e10811c49ef00c4383f34,Blackhead Melting Water,Consious Chemist,Skin > Toner > Toners & Mist,1,1,0,0,0,0,1,1
6a4e0fc11c49ef00c4383def,Sun Drink Oil Free Sunscreen,Consious Chemist,Skin > Sun Care > Sunscreen,0,0,1,0,0,1,0,0
6a4e0f2d1c49ef00c438379e,Peach The Sun | SPF 50 PA++++ | 50 gms,Consious Chemist,Skin > Sun Care > Sunscreen,0,1,1,1,0,1,0,0
6a4e0e8e1c49ef00c4382e59,Berry Bright Sunscreen | SPF50 PA ++++,Consious Chemist,Skin > Sun Care > Sunscreen,0,0,1,1,0,1,0,0
6a4e0dd91c49ef00c4382c5a,Cooling Fluid Sunscreen | SPF 65 PA++++ | 8 Hour Oil Control,Consious Chemist,Skin > Sun Care > Sunscreen,0,1,1,1,0,1,1,0
6a4dfd9f1c49ef00c4381e76,100% Mineral Sunscreen SPF 50 PA++++,Consious Chemist,Skin > Sun Care > Sunscreen,0,0,1,0,0,1,1,0
6a4df3001c49ef00c437fd25,Salicylic Acid Face Wash,Gabit Skincare,Cleansers And Exfoliators > Face Washes & Cleansers > Skin,1,1,1,0,0,0,1,1
6a4df0071c49ef00c437f1a0,Niacinamide & Hyaluronic Acid Face Wash,Gabit Skincare,Cleansers And Exfoliators > Face Washes & Cleansers > Skin,0,0,1,0,0,0,0,1
6a4decf91c49ef00c437ea1a,"All Wet Daily Body Wash for Deep Cleansing & Detanning | Milk, Lactic Acid, Vitamin C",Be neude,Bath & Body,0,0,1,1,0,1,0,1
6a4dec261c49ef00c437e973,"Milk Tonic: Depigmenting & Hydrating Milky Toner with 10% Actives, Camel Milk, Ceramides, Snail Mucin",Be neude,Skin > Toner > Toners & Mist,0,0,1,1,0,0,1,1
6a4deb481c49ef00c437e574,"Zits Away Acne Control Gel Face Wash with 2% Salicylic Acid, Neem & Benzoyl Peroxide",Be neude,Cleansers And Exfoliators > Face Washes & Cleansers > Skin,1,1,1,0,0,0,1,1
6a4dea8c1c49ef00c437e4bc,"Brightside - Skin Brightening and Detanning Gel Face Wash with Goat Milk, Vitamin C & Tartaric Acid",Be neude,Cleansers And Exfoliators > Face Washes & Cleansers > Skin,0,0,1,1,0,1,1,1
6a4de9761c49ef00c437e276,FaceTime! Instant Face Mask for Lasting Glow,Be neude,Mask > Masks & Peels > Skin,0,1,1,1,0,0,0,1
6a4de8771c49ef00c437e0d0,Sleep On It Overnight Face Mask - suitable for all skin types,Be neude,Makeup > Mask > Masks & Peels,0,0,1,1,0,0,1,0
6a4de7431c49ef00c437de8f,Sunstoppable Spray Mist Sunscreen In-Vivo Tested SPF 50+,Be neude,Mist > Skin > Sun Care,0,0,1,1,0,1,1,0
6a4de6631c49ef00c437d8fe,"Un_mask Instant Detanning, Hydrating and Brightening Face Mask",Be neude,Face > Mask > Masks & Peels,0,0,1,1,0,1,1,1
6a4de5931c49ef00c437d69a,Rewind Age Reversing Gel Creme For Wrinkles and Fine Lines,Be neude,Face > Skin,0,0,1,1,1,0,0,0
6a4de07a1c49ef00c437cb34,Hydro Burst Lip Plumping Serum,Moody,Lips > Serum > Serums And Essences,0,0,1,1,0,0,0,0
6a4ddef31c49ef00c437c71e,"Plush 3-in-1 Lip, Cheek & Eye Tint (5g)",Moody,Makeup > Skin > Skin Tint,0,0,0,0,0,0,0,0
6a4ce0df1c49ef00c4376fc7,Hydro Burst Under Eye Serum Roll On,Moody,Eye Care > Skin,0,0,1,0,1,0,1,0
6a4ce01e1c49ef00c4376ee4,Vitamin C Brightening Eye Cream,Moody,Eye Care > Eye Cream & Serums > Skin,0,0,1,1,1,0,0,0
6a4cdf3b1c49ef00c4376d61,DermaSoothe Repairing Under Eye Roll On Serum with Peptides & Vitamin E,Moody,Skin,0,0,1,0,1,0,1,0
6a4cde371c49ef00c4376b16,AcneXpert Oil Control Clay Mask with Salicylic Acid & Green Tea,Moody,Mask > Masks & Peels > Skin,1,1,0,0,0,0,0,1
6a4cdd631c49ef00c4376a03,Vitamin C Jelly Face Mask,Moody,Mask > Masks & Peels > Skin,0,0,1,1,0,0,1,0
6a4cdc521c49ef00c4376957,Moody Jelly Dream - Collagen Sleeping Mask,Moody,Mask > Masks & Peels > Skin,0,0,1,0,1,0,0,0
6a4cdb821c49ef00c4376721,Moody Detan Dash - Flash Facial Exfoliating Mask,Moody,Cleansers And Exfoliators > Mask > Masks & Peels,0,0,1,0,0,0,0,1
6a4cda8f1c49ef00c4376675,DermaSoothe Micellar Water Make Up Remover Mist with Rice & Ceramides,Moody,Makeup Remover > Skin,0,0,1,0,0,0,1,0
6a4cd99c1c49ef00c437657c,DermaSoothe Barrier Repairing Face Wash,Moody,Cleansers And Exfoliators > Face Washes & Cleansers > Skin,0,0,1,0,0,0,1,1
6a4cd8d01c49ef00c43764a9,Vitamin C Brightening Face Wash,Moody,Cleansers And Exfoliators > Face Washes & Cleansers > Skin,0,1,0,1,0,0,0,1
6a4cd8151c49ef00c43763e6,Hydro Burst Foaming Face Wash with 2% Hyaluronic Acid,Moody,Cleansers And Exfoliators > Face Washes & Cleansers > Skin,0,0,1,0,0,0,1,1
6a4cd7441c49ef00c43762b5,AcneXpert Foaming Face Wash Salicylic Acid & Green Tea,Moody,Cleansers And Exfoliators > Face Washes & Cleansers > Skin,1,1,0,0,0,0,1,1
6a4cd5a01c49ef00c4376022,AcneXpert Skin Clarifying Face Mist With Green Tea & Niacinamide,Moody,Face > Face Washes & Cleansers > Mask,1,1,1,0,0,0,0,0
6a4cd4cd1c49ef00c4375f40,DermaSoothe Micellar Water Make Up Remover Mist with Rice & Ceramides,Moody,Makeup > Makeup Remover > Mist,0,0,1,0,0,0,1,0
6a4cd3f91c49ef00c4375d96,Hydro Burst Face Mist & Toner,Moody,Face > Mist > Skin,0,1,1,0,0,0,0,1
6a4cd2811c49ef00c4375b16,7D HydroBurst® Hybrid Water Sunscreen Mist SPF 50 PA++++ - Hello Kitty Edition,Moody,Skin > Sun Care > Sunscreen,0,0,0,0,0,1,0,0
6a4cd0771c49ef00c4375864,7D HydroBurst® Hydra Milky Mochi Toner - Hello Kitty Edition,Moody,Skin > Toner > Toners & Mist,0,1,0,0,0,0,1,1
6a4ccfbe1c49ef00c43755ba,Moody Daily Glow Tonic - Exfoliating Toner,Moody,Cleansers And Exfoliators > Skin > Toner,0,0,0,0,0,0,1,1
6a4ccdf21c49ef00c437521a,Vitamin C Brightening Face Moisturizer,Moody,Moisturizer > Skin,1,0,1,1,0,0,0,1
6a4ccd051c49ef00c43750da,DermaSoothe Barrier Repair Moisturiser with Ceramides & Vitamin E,Moody,Moisturizer > Skin,0,0,1,0,0,0,1,0
6a4ccc431c49ef00c4374fd2,AcneXpert Oil Free Moisturizer with Niacinamide & Green Tea,Moody,Moisturizer > Skin,1,1,0,0,0,0,1,0
6a4cc99b1c49ef00c4374c51,Hydro Burst Water Gel Moisturizer,Moody,Moisturizer > Skin,0,0,1,0,0,0,1,0
6a4cc8d91c49ef00c4374b3b,7D Hydroburst® Moisture Magnet Night Cream,Moody,Moisturizer > Night Cream > Skin,0,0,1,0,1,0,1,0
6a4cc7851c49ef00c43748fc,Acnexpert Overnight Spot Correcting Pen with Salicylic Acid and Green Tea,Moody,Skin,1,0,0,1,0,0,1,0
6a4cc66a1c49ef00c4374743,Acnexpert Blemish Fading Pen with Tranexamic & Kojic Acid,Moody,Skin,1,0,0,1,0,0,1,0
6a4cc59a1c49ef00c437467a,DermaSoothe Barrier Repairing Serum with Peptides & Ceramides,Moody,Serum > Serums And Essences > Skin,0,0,1,0,1,0,1,0
6a4cc4e11c49ef00c43745d0,AcneXpert Face Serum 10% Niacinamide Oil Control & Acne Correction With Azelaic & Salicylic Acid,Moody,Serum > Serums And Essences > Skin,1,1,0,0,0,0,0,0
6a4cc44e1c49ef00c43744c4,15% Vitamin C Face Serum,Moody,Serum > Serums And Essences > Skin,0,0,1,1,0,0,0,1
6a4cc3841c49ef00c437440f,Moody 7D Hydro Burst Dew It Face Serum - 2% Hyaluronic Acid & Peptides,Moody,Serum > Serums And Essences > Skin,0,1,1,0,1,0,0,0
6a4cc28b1c49ef00c43741f6,Moody Vitamin C Hydrating Fluid Sunscreen SPF 50 PA+++ - Mandarin Orange & Vitamin E,Moody,Skin > Sun Care > Sunscreen,0,0,1,1,0,1,0,1
6a4cc2021c49ef00c4373d86,Acne-Xpert Mattifying SPF 50 PA ++++ Niacinamide for Oil & Acne Control,Moody,Skin > Sun Care > Sunscreen,1,1,0,0,0,1,1,0
6a4cc04a1c49ef00c4373b76,AcneXpert Mattifying SPF 50 PA ++++ Niacinamide for Oil & Acne Control,Moody,Skin > Sun Care > Sunscreen,1,1,0,0,0,1,1,0
6a4cbf4e1c49ef00c43739d7,DermaSoothe Sunscreen SPF 50 PA++++ Mineral with Ceramides & Rice,Moody,Skin > Sun Care > Sunscreen,0,0,1,0,1,1,1,0
6a4cbe641c49ef00c43737a2,Vitamin C Hydrating Fluid Sunscreen SPF 50 PA+++,Moody,Skin > Sun Care > Sunscreen,0,0,1,1,0,1,0,0
6a4cbd921c49ef00c437352e,Hydro Burst Water Sunscreen with SPF 50 PA++++,Moody,Skin > Sun Care > Sunscreen,0,0,0,1,0,1,0,0
6a4cbcdb1c49ef00c4373064,Hydro Burst® Water Sunscreen SPF 50 PA++++ - Hello Kitty Limited Edition,Moody,Skin > Sun Care > Sunscreen,0,0,1,1,0,1,0,0
6a4ca6761c49ef00c4371d9c,Vitamin infused peptide lip balm - peach,Hyphen,Lip Balm > Skin,0,0,1,0,1,0,0,0
6a4ca5701c49ef00c4371bc3,Brightening lip balm spf30,Hyphen,Lip Balm > Skin,0,0,0,1,0,1,0,0
6a4ca4c21c49ef00c43719f5,Vitamin infused peptide lip balm - vanilla,Hyphen,Lip Balm > Skin,0,0,1,0,1,0,0,0
6a4ca40e1c49ef00c437195e,Mango lip screen spf 50,Hyphen,Lip Balm > Skin,0,0,1,1,0,1,0,0
6a4ca3901c49ef00c4371770,Vip marshmallow lip balm,Hyphen,Lip Balm > Skin,0,0,1,0,1,0,0,0
6a4ca2f11c49ef00c43716df,Vip vintage lip balm,Hyphen,Lip Balm > Skin,0,0,1,0,1,0,0,0
6a4ca1591c49ef00c4371458,Vip orchid lip balm,Hyphen,Lip Balm > Skin,0,0,1,0,1,0,0,0
6a4c9fbc1c49ef00c43712e3,"VIP Jelly Glaze Lip Balm, 1% Vit E & Peptides",Hyphen,Lip Balm > Lips > Skin,0,0,1,0,1,0,0,0
6a4c9e861c49ef00c4370e28,Vip hazel lip balm,Hyphen,Lip Balm > Lips > Skin,0,0,1,0,1,0,0,0
6a4c9d021c49ef00c4370bfd,Ice dunk cooling face mask,Hyphen,Mask > Masks & Peels > Skin,0,0,1,0,1,0,1,0
6a4c9c121c49ef00c4370a2b,Oil Control & Exfoliating Cleanser,Hyphen,Cleansers And Exfoliators > Skin,0,1,1,0,0,0,0,1
6a4c9b571c49ef00c43708b5,Moisturizing Cream Cleanser With Ceramides For Dry Skin,Hyphen,Cleansers And Exfoliators > Skin,0,0,1,0,0,0,0,1
6a4c9a981c49ef00c4370795,Clarifying acne cleanser with 2% salicylic acid,Hyphen,Cleansers And Exfoliators > Skin,1,1,1,0,0,0,0,1
6a4c99d01c49ef00c437068c,Rice water cleanser for brightening,Hyphen,Cleansers And Exfoliators > Skin,0,0,1,1,0,0,1,1
6a4c991c1c49ef00c43705ec,Hyphen 10% Fermented Rice Water Brightening Cleanser (1% Vitamin C + 0.5% Glycolic Acid),Hyphen,Cleansers And Exfoliators > Skin,0,0,1,1,0,0,1,1
6a4c98201c49ef00c437033d,Hyphen Barrier Repair Moisturizer with 2% Ceramide-Peptide Complex (For Dry Skin),Hyphen,Moisturizer > Skin,0,0,1,0,1,0,1,0
6a4c97731c49ef00c43702a3,Hyphen 7% Ceramides-NMF Face Moisturizer Rich Pillow Cream,Hyphen,Moisturizer > Skin,0,0,1,0,0,0,1,0
6a4c96c71c49ef00c4370166,Hyphen Barrier Repair Moisturizer with 2% Ceramide-Peptide Complex (For Oily Skin),Hyphen,Moisturizer > Skin,1,1,1,0,1,1,1,0
6a4c96241c49ef00c437002e,Brightening moisturizer with 20% kakadu plum (vit c) - 50 ml,Hyphen,Moisturizer > Skin,0,1,1,1,0,0,0,1
6a4c94d41c49ef00c436fbd9,2% cica exosomes oil-free moisturizer,Hyphen,Moisturizer > Skin,1,1,1,1,0,0,1,0
6a4c93801c49ef00c436f876,Golden hour glow™ screen spf 50 pa++++,Hyphen,Skin > Sun Care > Sunscreen,0,0,0,1,1,1,1,1
6a4c92e11c49ef00c436f7c7,Skip to product information Matte Max Velvet Touch Sunscreen SPF 70+ PA++++ Hyphen Matte Max Velvet Touch Sunscreen SPF 70+ PA++++ - key ingredient breakdown infographic Hyphen Matte Max Velvet Touch Sunscreen SPF 70+ PA++++ - clinical results chart and benefit claims Hyphen Matte Max Velvet Touch Sunscreen SPF 70+ PA++++ - how to use directions and skincare routine fit Hyphen Matte Max Velvet Touch Sunscreen SPF 70+ PA++++ - texture and finish demo Hyphen Matte Max Velvet Touch Sunscreen SPF 70+ PA++++ - skin concern targeting infographic Hyphen Matte Max Velvet Touch Sunscreen SPF 70+ PA++++ - ingredient synergy and formulation chart Hyphen Matte Max Velvet Touch Sunscreen SPF 70+ PA++++ - certifications and product safety credentials Hyphen Matte Max Velvet Touch Sunscreen SPF 70+ PA++++ - model application visual Hyphen Matte Max Velvet Touch Sunscreen SPF 70+ PA++++ - product detail image 11 Hyphen Matte Max Velvet Touch Sunscreen SPF 70+ PA++++ - product detail image 12 Matte max velvet touch sunscreen spf 70+ pa++++,Hyphen,Skin > Sun Care > Sunscreen,0,1,1,0,1,1,0,0
6a4c922b1c49ef00c436f6a1,Sun milk 100% mineral sunscreen spf 50 pa++++,Hyphen,Skin > Sun Care > Sunscreen,1,1,0,1,0,1,1,0
6a4c91891c49ef00c436f463,Fluid cooling sunscreen spf 50 pa++++,Hyphen,Skin > Sun Care > Sunscreen,0,1,1,0,0,1,1,0
6a4c90551c49ef00c436ec6b,Ultra light water sunscreen spf 50 pa ++++,Hyphen,Skin > Sun Care > Sunscreen,0,0,1,0,0,1,1,0
6a4c8f7b1c49ef00c436e780,All i need sunscreen spf 50 pa++++,Hyphen,Skin > Sun Care > Sunscreen,0,0,1,1,0,1,0,0
6a4c8cb71c49ef00c436e183,0.05% Retinal reset serum,Hyphen,Serum > Serums And Essences > Skin,0,0,1,1,1,0,1,1
6a4c8bb81c49ef00c436df98,0.1% retinal reset serum pro,Hyphen,Serum > Serums And Essences > Skin,0,0,1,0,1,1,1,1
6a4c8b141c49ef00c436de16,10% peptide with 2% copper peptide face serum,Hyphen,Serum > Serums And Essences > Skin,0,0,1,0,1,0,0,0
6a4c8a8c1c49ef00c436dc3e,Advanced glow serum with 3% tranexamic acid & 2% kojic acid,Hyphen,Serum > Serums And Essences > Skin,1,0,0,1,0,0,0,1
6a4c89be1c49ef00c436db25,Anti acne face serum with 10% azelaic acid & 2% salicylic acid,Hyphen,Serum > Serums And Essences > Skin,1,1,0,0,0,0,1,1
6a4c85cc1c49ef00c436d7ea,Brightening serum pads with 44% rice water,Hyphen,Serum,0,0,1,1,0,0,0,1
6a4c850b1c49ef00c436d63e,10% vitamin c serum with 1% [vitamin e + ferulic acid],Hyphen,Serum > Serums And Essences > Skin,0,0,1,1,1,0,1,1
6a4c842a1c49ef00c436d39b,Ceramides milky toner essence with 5% rice water blend,Hyphen,Skin > Toner > Toners & Mist,0,0,1,0,0,0,0,0
6a4c831f1c49ef00c436d052,Dual phase de-pigmentation serum | 4% tranexamic acid,Hyphen,Serum > Serums And Essences > Skin,1,0,0,1,0,1,0,0
6a4c82851c49ef00c436cde6,"Golden hour glow serum | 5% niacinamide, 1% alpha arbutin",Hyphen,Serum > Serums And Essences > Skin,1,0,1,1,1,0,0,1
6a4c81ca1c49ef00c436cc7e,Double shot radiance lift face serum,Hyphen,Serum > Serums And Essences > Skin,0,0,1,1,0,0,0,1
6a4b755d1c49ef00c43688b5,Hydrating Barrier Repair Duo,DOT & KEY,Cleansers And Exfoliators > Face Washes & Cleansers > Moisturizer,0,0,1,0,0,0,1,1
6a4b74ca1c49ef00c43687b0,12% Barrier Boost Serum (Hyaluronic + Ceramides),DOT & KEY,Serum > Serums And Essences > Skin,0,0,1,0,1,0,1,1
6a4b74071c49ef00c4368566,Mango Detan Gel Face Wash,DOT & KEY,Cleansers And Exfoliators > Face Washes & Cleansers > Skin,0,1,1,1,0,0,1,1
6a4b739a1c49ef00c43684c6,Vitamin C + E Body Lotion for Glowing Skin,DOT & KEY,Bath & Body,0,0,1,1,0,1,0,1
6a4b731d1c49ef00c436833a,Moringa & Argan Oil Hair Fall Control Shampoo,DOT & KEY,Bath & Body,0,0,1,0,1,0,1,0
6a4b71d21c49ef00c4367dbc,Watermelon & 10% Glycolic Serum,DOT & KEY,Serum > Serums And Essences > Skin,0,1,1,1,0,0,0,1
6a4b715a1c49ef00c4367ae2,Vitamin C Foaming Face Wash,DOT & KEY,Cleansers And Exfoliators > Face Washes & Cleansers > Skin,0,0,1,1,0,0,1,1
6a4b70d81c49ef00c43679e6,Watermelon Cooling Sunscreen Body Spray In-Vivo Tested SPF 50+ PA+++,DOT & KEY,Skin > Sun Care > Sunscreen,0,0,1,0,0,1,1,0
6a4b70471c49ef00c4367960,"Mango Detan Gel Sunscreen, In-Vivo Tested SPF 50+ PA++++",DOT & KEY,Skin > Sun Care > Sunscreen,0,1,1,1,0,1,1,0
6a4b6fb61c49ef00c43678d5,Strawberry Dew Cleansing Balm for Dewy Skin,DOT & KEY,Lip Balm > Skin,0,0,1,0,0,1,1,1
6a4b6f3d1c49ef00c43677dd,"Swim + Sports Sunscreen, In-Vivo Tested SPF 50+ PA++++",DOT & KEY,Skin > Sun Care > Sunscreen,0,0,1,0,0,1,0,0
6a4b6ecf1c49ef00c436775c,Cica + Niacinamide Toner with Green Tea,DOT & KEY,Skin > Toner > Toners & Mist,1,1,1,0,0,0,1,1
6a4b6e361c49ef00c4367586,Deep Pore Clean Foaming Face Wash,DOT & KEY,Cleansers And Exfoliators > Face Washes & Cleansers > Skin,0,1,1,1,0,1,1,1
6a4b6db31c49ef00c436748f,Vitamin C Pink Clay Mask,DOT & KEY,Mask > Masks & Peels > Skin,0,0,1,1,0,0,0,1
6a4b6d251c49ef00c4367392,Strobe Cream (Moisturizer + Highlighter),DOT & KEY,Highlighters & Illuminators > Moisturizer > Skin,0,0,1,1,0,0,0,1
6a4b6c8f1c49ef00c4367305,Watermelon + Glycolic Acid Pore Tightening Toner,DOT & KEY,Skin > Toner > Toners & Mist,1,1,1,0,0,0,0,1
6a4b6c1b1c49ef00c436727c,Pomegranate + Retinol Eye Cream for Dark Circles,DOT & KEY,Eye Care > Eye Cream & Serums > Skin,0,0,1,0,1,0,1,0
6a4b6af11c49ef00c4367103,Pomegranate + Multi-Peptide Anti Ageing Moisturizer SPF 30,DOT & KEY,Moisturizer > Skin,0,0,1,0,1,1,0,0
6a4b6a831c49ef00c436707a,Ceramide + Peptide Lip Balm In-Vivo Tested SPF 50+ PA+++ (10g),DOT & KEY,Lip Balm > Skin,0,1,1,1,1,1,0,0
6a4b68e01c49ef00c4366d84,Barrier Repair Hydrating Lip Balm In-Vivo Tested SPF 50+ PA+++ (4g),DOT & KEY,Lip Balm > Lips > Makeup,0,0,1,0,0,1,0,0
6a4b67651c49ef00c4366a72,"Strawberry Sunscreen Stick, In-Vivo Tested SPF 50+ PA++++",DOT & KEY,Skin > Sun Care > Sunscreen,0,0,1,0,0,1,0,0
6a4b66cb1c49ef00c4366959,Hyaluronic & Ceramides Hydrating Face Serum,DOT & KEY,Serum > Serums And Essences > Skin,0,0,1,0,0,0,1,0
6a4b66601c49ef00c43668d6,Blueberry Hydrate Barrier Repair Milk Face Toner,DOT & KEY,Skin > Toner > Toners & Mist,0,0,1,0,0,0,0,0
6a4b65dd1c49ef00c4366849,Cica & Salicylic French Green Clay Face Mask,DOT & KEY,Mask > Masks & Peels > Skin,1,1,1,0,0,0,1,0
6a4b65271c49ef00c43666ca,Watermelon Cooling Icy Gel Moisturizer With Hyaluronic,DOT & KEY,Moisturizer > Skin,0,0,1,0,0,0,0,1
6a4b63631c49ef00c436628e,Strawberry + Niacinamide Moisturizer,DOT & KEY,Moisturizer > Skin,0,1,1,1,1,0,0,1
6a4b62dd1c49ef00c4366127,Strawberry Bright Niacinamide Gel Face Wash Strawberry Bright Niacinamide Gel Face Wash Strawberry Bright Niacinamide Gel Face Wash Strawberry Bright Niacinamide Gel Face Wash Strawberry Bright Niacinamide Gel Face Wash Strawberry Bright Niacinamide Gel Face WashBoost Results Check for delivery Enter your pincode Available Offers available offers Flat 15% OFF On All Orders Use code: FLAT15 Copy Shop for Rs.799 and get Free Gift on all orders No code required Shop for Rs.999 and get 2 Free Gifts No code required FLAT 25% OFF On All Combos Use code: COMBO25 Copy Additional 5% OFF on Prepaid Orders No code required Just In Strawberry Bright Niacinamide Gel Face Wash,DOT & KEY,Cleansers And Exfoliators > Face Washes & Cleansers > Skin,0,0,1,1,0,0,1,1
6a4b625c1c49ef00c436602e,Cica + Salicylic Acid Face Wash for Oily Skin,DOT & KEY,Cleansers And Exfoliators > Face Washes & Cleansers > Skin,1,1,1,0,0,0,1,1
6a4b619c1c49ef00c4365def,Strawberry Bright Niacinamide Gel Face Wash,DOT & KEY,Cleansers And Exfoliators > Face Washes & Cleansers > Skin,0,0,1,1,0,0,1,1
6a4b612c1c49ef00c4365d6e,Barrier Repair Intense Moisturizer With Ceramides,DOT & KEY,Moisturizer > Skin,0,0,1,0,0,0,1,0
6a4b60ad1c49ef00c4365c6b,Watermelon Cool Icy Plunge Clay Mask,DOT & KEY,Mask > Masks & Peels > Skin,0,1,1,0,0,0,0,0
6a4b5fe81c49ef00c4365a3d,Strawberry Dew Micellar Face Wash,DOT & KEY,Cleansers And Exfoliators > Face Washes & Cleansers > Skin,0,0,1,0,0,0,1,1
6a4b5f7a1c49ef00c436594f,Barrier Repair Gentle Hydrating Face Wash,DOT & KEY,Cleansers And Exfoliators > Face Washes & Cleansers > Skin,0,0,1,0,0,0,1,1
6a4b5b401c49ef00c4365614,"Vitamin C + E 100% Mineral Sunscreen IN-VIVO tested SPF 50+, PA++++",DOT & KEY,Skin > Sun Care > Sunscreen,0,0,0,1,0,1,1,0
6a4b544a1c49ef00c4364be6,Watermelon Gel Face Wash,DOT & KEY,Cleansers And Exfoliators > Face Washes & Cleansers > Skin,0,1,1,1,0,0,1,1
6a4b53d71c49ef00c4364b67,"Cica + Niacinamide Sunscreen, In-Vivo Tested SPF 50+ PA++++",DOT & KEY,Skin > Sun Care > Sunscreen,1,1,1,0,1,1,1,0
6a4b53571c49ef00c4364ae8,Cica (Centella) + Niacinamide Oil Free Moisturizer,DOT & KEY,Moisturizer > Skin,1,1,1,1,0,0,1,0
6a4b52d21c49ef00c4364a68,Vitamin C + E Gel Face Wash for Glowing Skin,DOT & KEY,Cleansers And Exfoliators > Face Washes & Cleansers > Skin,0,0,1,1,0,0,1,1
6a4b523b1c49ef00c436481a,"Dragon Fruit Bounce Gel Sunscreen SPF 50+ PA++++, With New-Age UV Filters",DOT & KEY,Skin > Sun Care > Sunscreen,0,0,1,0,1,1,0,0
6a4b50e41c49ef00c4364606,Strawberry Bright 10% Niacinamide Face Serum,DOT & KEY,Serum > Serums And Essences > Skin,0,1,1,1,0,0,0,1
6a4b50621c49ef00c4364586,10% Vitamin C + E Face Serum with 5% Niacinamide,DOT & KEY,Serum > Serums And Essences > Skin,0,0,1,1,0,0,0,1
6a4b4fa01c49ef00c43644ab,Strawberry Dew Tinted Sunscreen SPF 50+ PA++++ With New-Age UV Filters (50ml),DOT & KEY,Skin > Sun Care > Sunscreen,0,0,1,1,0,1,0,0
6a4b4e971c49ef00c4364306,Watermelon Cooling Sunscreen SPF 50+ PA++++ With New-Age UV Filters,DOT & KEY,Skin > Sun Care > Sunscreen,0,0,1,0,0,1,0,0
6a48b9c61c49ef00c435c002,Botanico Super Shield Mascara (12 g),kiro beauty,Makeup > Mascara,0,0,0,0,0,0,0,0
6a48b9191c49ef00c435bf6d,All - Day Comfort Kajal Liner (0.35 g),kiro beauty,Kajal & Kohls > Makeup,0,0,0,0,0,0,0,0
6a48b83d1c49ef00c435be3c,Hyperlasting Gel Kajal,kiro beauty,Kajal & Kohls > Makeup,0,0,0,0,0,0,0,0
6a48b7441c49ef00c435bd46,Longwear Brightening Eyeshadow Stick (1.4g),kiro beauty,Eyes > Makeup,0,0,0,1,0,0,0,0
6a48b6921c49ef00c435bc96,Highlighter Duo Prism Perfect (9g),kiro beauty,Highlighters & Illuminators > Makeup,0,0,0,0,0,0,0,1
6a48b55f1c49ef00c435b9cd,Buff & Blur Serum Concealer (10 g),kiro beauty,Concealers & Correctors > Makeup,0,0,0,0,0,0,0,0
6a48b4371c49ef00c435b8ca,Daily Dewy Serum Foundation (30ml),kiro beauty,Foundation > Makeup,1,0,0,0,0,0,1,0
6a48b3671c49ef00c435b79c,Barely There Skin Tint,kiro beauty,Skin > Skin Tint,0,0,0,0,1,1,0,0
6a48b2311c49ef00c435b629,pH-Play lip & Cheek Oil - Pink Funfetti (5.5 ml),kiro beauty,Lip Oil > Lip Oils > Lips,0,0,1,0,0,0,0,1
6a48b1911c49ef00c435b58f,pH Jelly Twist Colour Adapting Lip Balm - Sugar Cloud 01 (3 g),kiro beauty,Lip Balm > Lips > Makeup,0,0,0,0,0,0,0,0
6a48b0d61c49ef00c435b4d8,Fleur Serum Lip Balm - Bare Tulip 01 (2 g),kiro beauty,Lip Balm > Lips > Makeup,0,0,1,0,0,0,0,0
6a48b0051c49ef00c435b35b,Ceramide Drip Tinted Lip Glaze Balm - (10 g),kiro beauty,Lip Balm > Lips > Makeup,0,0,1,0,0,0,0,0
6a48af4d1c49ef00c435b1fc,Four Play Glossfinity Liquid Lipstick- Timeless Nude Brown Quad (5.5 ml),kiro beauty,Makeup,0,0,0,0,0,0,0,0
6a48ae891c49ef00c435b161,Super Butter Lip Lacquer (5 ml),kiro beauty,Lips > Makeup,0,0,1,0,0,0,0,0
6a48adf71c49ef00c435af47,Slickstick Luxe Matte - Almond Butter 01 (2.4 g),kiro beauty,Lips > Lipstick > Makeup,0,0,1,1,0,0,0,0
6a48a1f01c49ef00c435a8e9,Mini Slickstick Luxe Matte Lipstick - Nutty Nougat 03 (1.2 g),kiro beauty,Lips > Lipstick > Makeup,0,0,0,0,0,0,0,0
6a48a1241c49ef00c435a797,Lush Moist Matte Lipstick - Nude Garnet 06 (4.2 g),kiro beauty,Lips > Lipstick > Makeup,0,0,0,1,1,0,0,0
6a48a0581c49ef00c435a581,Velvet Soufflé Soft Matte Liquid Lipstick - Suede Rosewood 01 (5 ml),kiro beauty,Lips > Lipstick > Makeup,0,0,1,1,0,0,0,0
6a489ebb1c49ef00c435a407,Non-Stop Airy Matte Liquid Lipstick (5ml),kiro beauty,Lips > Lipstick > Makeup,0,0,0,0,0,0,0,0
6a479df41c49ef00c4356d2e,Oil-Free Barrier+ Creme - Barrier Repair & Hydrating Moisturizer for Oily & Acne-Prone Skin,Asaya,Moisturizer > Skin,1,1,1,0,0,1,1,0
6a479d521c49ef00c4356b45,Moisture Cocoon Creme - Hydrating & Glow Moisturizer with Niacinamide,Asaya,Moisturizer > Skin,0,0,1,0,0,0,1,1
6a479c3a1c49ef00c43566f2,Glow & Lift Creme - Peptide Moisturizer for Skin Brightening & Collagen Boosting,Asaya,Moisturizer > Skin,0,0,1,1,1,0,0,1
6a479bae1c49ef00c4356659,Even Evermore Creme - Moisturizer for Dark Spots & Blemishes,Asaya,Moisturizer > Skin,1,0,0,1,0,0,0,0
6a4799e41c49ef00c4356037,Daily Clear Salicylic Face Cleanser - Face Wash for Oily Skin,Asaya,Cleansers And Exfoliators > Face Washes & Cleansers > Skin,1,1,0,0,0,0,0,1
6a47992c1c49ef00c4355b82,Even Tone Face Cleanser - Face Wash for Dark Spots and Marks,Asaya,Cleansers And Exfoliators > Face Washes & Cleansers > Skin,1,0,0,1,0,0,1,1
6a4798551c49ef00c43559d9,D-Tan Face Cleanser - Tan Removal Face Wash for Dull Skin,Asaya,Cleansers And Exfoliators > Face Washes & Cleansers > Skin,0,0,0,0,0,1,1,1
6a4797471c49ef00c4355840,10% Niacinamide & 1% Alpha Arbutin Serum for Open Pores,Asaya,Skin > Sun Care > Sunscreen,1,1,0,1,0,1,0,0
6a4796701c49ef00c43557a4,15% Vitamin C + E Serum with Ferulic Acid to Reduce Dark Spots & Hyperpigmentation,Asaya,Skin > Sun Care > Sunscreen,0,0,0,1,1,1,0,0
6a47959f1c49ef00c4355501,"2% Salicylic Acid & 5% Niacinamide Serum - Reduce Open Pores, Blackheads & Whiteheads",Asaya,Serum > Serums And Essences > Skin,1,1,0,0,0,0,1,0
6a47950d1c49ef00c435538d,Glow Boost - 10% Vitamin C & 5% Niacinamide Radiance Serum,Asaya,Serum > Serums And Essences > Skin,0,0,1,1,0,0,0,1
6a4794791c49ef00c4355303,5% Multi Peptide Complex & Hyaluronic Acid Serum,Asaya,Serum > Serums And Essences > Skin,0,0,1,0,1,0,0,0
6a4793b71c49ef00c43551f2,2% Kojic Acid & 1% Alpha Arbutin Serum,Asaya,Serum > Serums And Essences > Skin,1,0,0,1,0,0,0,0
6a4792ef1c49ef00c435515b,Sheerscreen Mist | Sunscreen Spray SPF 50+,Asaya,Skin > Sun Care > Sunscreen,0,0,0,0,0,1,0,0
6a4792391c49ef00c4355059,Sun Drip Mineral Sunscreen SPF 50 PA++++,Asaya,Skin > Sun Care > Sunscreen,0,0,0,0,0,1,0,0
6a4791a31c49ef00c4354fc6,Sheer Milk Sunscreen - SPF 50 PA++++ Matte Fluid Sunscreen,Asaya,Skin > Sun Care > Sunscreen,0,0,0,1,0,1,0,0
6a4790e71c49ef00c4354e17,Spot Light Sunscreen SPF 50 PA++++ for Dark Spots & Hyperpigmentation,Asaya,Skin > Sun Care > Sunscreen,0,0,0,1,0,1,0,0
6a478ff21c49ef00c4354d15,Hint of Tint - SPF 50 PA++++ Tinted Sunscreen,Asaya,Skin > Sun Care > Sunscreen,0,0,0,0,0,1,0,0
6a4786c51c49ef00c4352f89,Advanced Spot Targeting Serum,Asaya,Serum > Serums And Essences > Skin,1,0,0,1,0,0,0,0
6a3e1b50c5e26a67ece063f9,Dot & Key 72HR Hydrating Gel + Probiotics,DOT & KEY,Moisturizer > Skin,0,1,1,0,0,1,1,0
6a3e1a09c5e26a67ece00972,Dot & Key Barrier Repair Moisturizer (Hyaluronic + Ceramides),DOT & KEY,Moisturizer > Skin,0,1,1,0,0,0,1,0
6a3e1861c5e26a67ecdfb10c,Dot & Key Barrier Repair Sunscreen SPF 50+ PA++++,DOT & KEY,Skin > Sun Care > Sunscreen,0,0,1,0,0,1,0,0
6a3b74ec15793dc13bede881,Edge of Desire Lip Liner Pencil (1.4g),Mars,Lip Liner > Lips > Makeup,0,0,0,0,0,1,0,1
6a30e754d6427f3ce324e1f3,Swiss Beauty Select High On Shine Lipstick (1g),Swiss Beauty,Lips > Lipstick > Makeup,0,0,0,0,0,0,0,0
6a30e634d6427f3ce324db74,Lakmé Forever Matte Face Powder,Lakme,Face > Loose Powder > Makeup,0,0,0,0,0,0,0,0
6a30e4cbd6427f3ce324d47a,Lakmé Absolute Perfect Radiance Serum,Lakme,Face > Serums And Essences > Skin,1,0,0,1,0,0,0,1
6a30e429d6427f3ce324ce92,MARS Two-in-One Mascara - Double Trouble,Mars,Eye - Makeup > Eyes > Makeup,0,0,0,0,0,0,0,0
6a30e2e8d6427f3ce324c45a,Dot & Key Meltie Lip Balm SPF 50+ PA+++(4g)),DOT & KEY,Lip Balm > Lip Care > Lips,0,0,1,1,0,1,0,0
6a30e087d6427f3ce324ac27,MARS Drip Lip Tint (4.5ml),Mars,Lip Gloss > Lip Stain > Lips,0,0,0,0,0,1,0,0
6973277838dcec44bbd78f9a,AHA + BHA Body Lotion,Wish Care,Moisturizer > Skin,0,0,1,0,0,1,0,1
697326be38dcec44bbd788bf,Ceramide Tinted Lip Balm SPF 50 PA+++,Wish Care,Lip Balm > Lip Care > Lips,0,0,1,1,0,1,0,0
697325de38dcec44bbd78264,Super Bright Vitamin C16 Serum,Wish Care,Face > Serum > Serums And Essences,0,0,0,1,0,0,0,1
6973250138dcec44bbd77757,SPF 50 Sunscreen Body Lotion PA+++,Wish Care,Moisturizer > Skin > Sun Care,0,0,1,1,0,1,0,0
697323ee38dcec44bbd77103,Niacinamide Oil Balance Fluid Sunscreen SPF 50 PA++++,Wish Care,Face > Skin > Sun Care,0,1,1,0,0,1,0,0
695f91815295deb419882f0a,Stay On Matte Liquid Lipstick,Swiss Beauty,Lips > Lipstick > Makeup,0,0,0,0,0,0,0,0
695f7d93862f18d8cb7d2e76,Liquid Concealer,Swiss Beauty,Concealers & Correctors > Face > Makeup,0,1,1,0,0,0,0,0
695f616869e453daad12b9ac,Full Coverage Concealer,Swiss Beauty,Concealers & Correctors > Eye - Makeup > Eyes,0,0,1,0,1,0,1,0
695f5e5669e453daad129bc2,3-in-1 Lip and Cheek Cream N' Tint,Swiss Beauty,Blush > Face > Lips,0,0,1,0,0,0,0,0
695f565269e453daad1262cf,Dip Tint Lip Oil,Swiss Beauty,Lip Oil > Lip Oils > Lips,0,0,1,0,0,0,0,0
695f544769e453daad1257f0,Colour Me Lip Balm,Swiss Beauty,Lip Balm > Lip Care > Lips,0,0,1,0,0,0,0,0
695f4dcc69e453daad11fbf6,Shiny Pearl BB Foundation,Swiss Beauty,Bb & Cc Creams > Face > Foundation,1,1,0,1,0,1,0,0
695f4ae469e453daad11d1eb,Select Super Radiant Skin Tint,Swiss Beauty,Face > Foundation > Makeup,0,1,1,0,1,0,0,1
695f47b452380b482afd4619,Daily wear lightweight foundation,Swiss Beauty,Face > Foundation > Makeup,0,1,1,1,0,0,0,1
695f416052380b482afd3162,Airbrush Foundation,Swiss Beauty,Face > Foundation > Makeup,1,1,1,0,0,0,0,0
695e3c372fa2b15e21902eca,Matte Muse Mousse Lipstick,Mars,Lips > Lipstick > Liquid Lipstick,0,0,1,0,0,0,0,0
695e36195403eee1a0fc70ff,Cloud Kiss Lip Crayon,Mars,Lip Crayon > Lips > Makeup,0,0,0,0,0,0,0,0
695e2d6c5403eee1a0fc256a,God’s Glow Illuminator,Mars,Face > Highlighters & Illuminators > Makeup,0,0,0,0,0,0,0,1
695e28845403eee1a0fbcbba,Blush Hour Liquid Blush,Mars,Blush > Face > Makeup,0,0,0,0,0,0,0,1
695e225f5403eee1a0fba964,HD Compact Powder,Mars,Compact > Face > Makeup,0,0,0,0,0,0,0,0
695e0da0328c6a21857bd93d,Pore Filling Primer,Mars,Face > Makeup > Primer,0,1,0,0,0,0,0,0
695e0b46328c6a21857bd536,Zero Blend Weightless Foundation,Mars,Face > Foundation > Makeup,0,0,0,0,0,0,0,0
695e073d328c6a21857bbca7,Lightweight BB Cream Foundation,Mars,Bb & Cc Creams > Face > Makeup,0,0,0,0,0,0,0,0
695e055c328c6a21857bb575,Born To Bake Setting Powder,Mars,Face > Loose Powder > Makeup,0,1,0,0,1,0,0,0
695e02be328c6a21857baac8,Oil Blotter Gel Compact,Mars,Compact > Face > Makeup,0,1,0,0,0,0,0,0
695e010c328c6a21857b9f09,Love Track Velvet Lip Tint,Mars,Lip Stain > Lips > Lipstick,0,0,0,1,0,0,0,0
695dfecde252086527213d98,CineMagic Non Transfer Lip Gloss,Mars,Lip Gloss > Lips > Lipstick,0,0,0,0,0,0,0,0
695df974e2520865272125a4,Northern Lights Liquid Eyeshadow,Mars,Eye - Makeup > Eye Shadow > Eyes,0,0,0,1,0,0,0,0
695df6e71d90ce9d2ee37490,Skyliner Liquid Eyeliner,Mars,Eye - Makeup > Eyeliner > Eyes,0,0,0,0,0,0,0,0
695de8271d90ce9d2ee34bce,Twist Up Kajal,Mars,Eye - Makeup > Eyeliner > Kajal & Kohls,0,0,1,0,0,0,1,0
695ce2971d90ce9d2ee1d407,Xtraordin-airy Lip Mousse,Lakme,Lips > Lipstick > Liquid Lipstick,0,0,1,0,0,0,0,0
695cdcc71d90ce9d2ee1b9c5,Beyond Matte Lip Liquid,Lakme,Lips > Lipstick > Liquid Lipstick,0,0,1,0,0,0,0,0
695cab301d90ce9d2ee0dbf9,Forever Matte Lipstick,Lakme,Lips > Lipstick > Liquid Lipstick,0,0,0,0,0,0,0,0
695ba5df18b974b8de5d8991,Powerplay Priming Powder Foundation,Lakme,Compact > Face > Foundation,1,0,0,0,1,0,0,0
695ba24418b974b8de5d7cdd,CC Mousse,Lakme,Bb & Cc Creams > Face > Makeup,0,0,0,0,0,0,0,0
695b9f3618b974b8de5d75b3,Absolute Loose Finishing Powder,Lakme,Face > Loose Powder > Makeup,0,1,0,0,0,0,0,0
695b9c6918b974b8de5d67a3,Lakmē 9to5 Eyeconic Liquid Liner,Lakme,Eye - Makeup > Eyeliner > Makeup,0,0,0,0,0,0,1,0
695b98ee18b974b8de5d5b1d,9to5 Powerplay Mousse Foundation,Lakme,Face > Foundation > Makeup,0,0,0,0,0,0,0,0
695b947418b974b8de5d4446,Matte Sunscreen SPF 50 PA+++,Lakme,Face > Skin > Sun Care,0,0,0,1,1,1,0,0
695b93e618b974b8de5d432b,Sun Expert Tinted Sunscreen SPF 50 PA+++,Lakme,Face > Skin > Sun Care,0,0,0,0,0,1,0,0
695b931718b974b8de5d410a,Blush & Glow Face Wash,Lakme,Face > Face Washes & Cleansers > Skin,0,0,0,0,0,1,0,1
695b921a18b974b8de5d3e44,Vitamin C Brilliance Facial Foam,Lakme,Face > Face Washes & Cleansers > Skin,0,0,0,1,0,0,1,1
695b8fab18b974b8de5d2dd6,9to5 Powerplay Priming Foundation,Lakme,Face > Foundation > Makeup,0,0,0,0,0,1,0,0
695b6c4c18b974b8de5cd908,Glow+ Dewy Sunscreen Gel SPF 50+ PA++++,Aqualogica,Face > Skin > Sun Care,0,1,1,1,0,1,0,1
695b6b8c18b974b8de5cd6f3,Detan+ Smoothie Face Wash,Aqualogica,Face > Face Washes & Cleansers > Skin,0,0,1,0,0,0,0,1
695b6b0218b974b8de5cd4f8,Glow+ Smoothie Face Wash,Aqualogica,Face > Face Washes & Cleansers > Skin,0,0,1,1,0,0,0,1
695b6a5818b974b8de5ccda5,Glow+ Jello Moisturizer,Aqualogica,Face > Face Moisturizer > Skin,0,0,1,1,0,0,0,1
695b69b618b974b8de5cc32c,Illuminate + Hydra Gel Moisturizer,Aqualogica,Face > Face Moisturizer > Skin,0,0,1,1,0,0,0,1
695b692818b974b8de5cbfe9,Illuminate + Hydra Gel Moisturizer,Aqualogica,Face > Face Moisturizer > Skin,0,0,1,1,0,0,0,1
695b687a18b974b8de5cbdc2,Glow+ Concentrate Face Serum,Aqualogica,Face > Serum > Serums And Essences,0,0,0,1,0,0,0,1
695b680a18b974b8de5cbb89,Hydrate+ Dewy Sunscreen SPF 50,Aqualogica,Face > Skin > Sun Care,0,0,1,0,0,1,0,0
695b679518b974b8de5cba14,Detan+ Dewy Sunscreen SPF 50+ PA++++,Aqualogica,Face > Skin > Sun Care,0,0,1,0,0,1,0,1
695b672118b974b8de5cb8de,Detan+ Dewy Sunscreen SPF 50+ PA++++,Aqualogica,Face > Skin > Sun Care,0,0,1,0,0,1,0,1
695b667f18b974b8de5cb76b,Radiance+ Dewy Sunscreen SPF 50+ PA++++,Aqualogica,Face > Skin > Sun Care,0,0,1,0,0,1,0,1
695b65de18b974b8de5cb552,Radiance+ Dewy Sunscreen SPF 50+ PA++++,Aqualogica,Face > Skin > Sun Care,0,0,1,0,0,1,0,1
695b652318b974b8de5cb2fb,Glow+ Dewy Sunscreen Gel SPF 50+ PA++++,Aqualogica,Face > Skin > Sun Care,0,1,1,1,0,1,0,1
695b535981a0364d6adb7073,OH THE DRAMA! Metallic Eyeliner,Pilgrim,Eye - Makeup > Eyeliner > Eyes,0,0,1,0,0,0,0,0
695b519b81a0364d6adb6a93,Pore Blurring Airbrush Loose Powder,Pilgrim,Face > Loose Powder > Makeup,0,1,0,0,0,0,0,0
695b50bd81a0364d6adb65ff,Instant Glow Primer With Gold Shimmer,Pilgrim,Face > Highlighters & Illuminators > Makeup,0,0,0,1,0,0,0,1
695b4f0481a0364d6adb5cb0,BB Cream with SPF 50 PA++++,Pilgrim,Bb & Cc Creams > Face > Skin,0,1,0,1,0,1,0,1
695b4bba81a0364d6adb4b26,Dream Matte Serum Foundation,Pilgrim,Face > Foundation > Makeup,1,0,0,0,0,0,1,0
695b46fd81a0364d6adb255c,Squalane Glow Moisturiser,Pilgrim,Face > Face Moisturizer > Skin,0,0,1,1,0,0,0,1
695b461f81a0364d6adb201e,2% Vitamin C Oil-Free Moisturizer,Pilgrim,Face > Face Moisturizer > Skin,0,1,1,1,0,0,0,1
695b449a81a0364d6adb14a4,24k Gold Serum,Pilgrim,Face > Serum > Serums And Essences,0,0,1,0,0,0,0,1
695b43fb81a0364d6adb1381,2% Salicylic Acid Face Serum,Pilgrim,Face > Serum > Serums And Essences,1,1,1,1,0,0,1,0
695b436581a0364d6adb1092,25% AHA + 2% BHA + 5% PHA Peeling Solution,Pilgrim,Face > Masks & Peels > Serum,1,1,0,1,0,0,1,1
695b42bb81a0364d6adb0eed,25% AHA + 2% BHA + 5% PHA Peeling Solution,Pilgrim,Face > Masks & Peels > Serum,1,1,0,0,0,0,1,1
695b41df81a0364d6adb0a1d,1% Hyaluronic Acid Sunscreen Gel SPF 50,Pilgrim,Face > Serum > Serums And Essences,0,0,1,0,0,1,0,0
695b413381a0364d6adb03de,2% Niacinamide Glow Gel Sunscreen SPF 50+ PA+++,Pilgrim,Face > Skin > Sun Care,0,0,0,0,0,1,0,1
695b3fd181a0364d6adaf99b,10% Niacinamide Face Serum With 1% Zinc PCA,Pilgrim,Face > Serum > Serums And Essences,0,0,1,0,0,1,0,0
695b3ed281a0364d6adaf698,10% Vitamin C Face Serum,Pilgrim,Face > Serum > Serums And Essences,0,0,0,1,0,0,1,0
6958f04981a0364d6ad9f8a3,2% Niacinamide & Rice Water SPF 50 PA++++ Sunscreen,Plum,Face > Skin > Sun Care,1,1,1,1,0,1,0,0
6958ef5e81a0364d6ad9f4af,Calendula & 10% Vitamin C Barrier Boosting + Glow Serum,Plum,Face > Serum > Serums And Essences,0,0,1,1,0,0,1,1
6958eee081a0364d6ad9f01f,3% Niacinamide & Rice Water Toner for Bright Skin,Plum,Face > Skin > Toner,1,1,0,0,0,0,0,0
6958ee7081a0364d6ad9eed9,10% Niacinamide & Rice Water Brightening Face Serum,Plum,Face > Serum > Serums And Essences,1,1,0,1,0,0,0,0
6958edf481a0364d6ad9ecc4,10% Niacinamide & Rice Water Brightening Face Serum,Plum,Face > Serum > Serums And Essences,1,1,0,1,0,0,0,0
6958ed7f81a0364d6ad9e982,10% Niacinamide & Rice Water Brightening Face Serum,Plum,Face > Serum > Serums And Essences,1,1,0,1,0,0,0,0
6958ecd581a0364d6ad9e868,2% Niacinamide & Rice Water Brightening Gel Moisturizer,Plum,Face > Face Moisturizer > Moisturizer,0,1,0,1,0,0,0,0
6958ec2a81a0364d6ad9e7b9,2% Niacinamide & Rice Water Brightening Gel Moisturizer,Plum,Face > Face Moisturizer > Serum,0,1,0,1,0,0,0,0
6958eb4c81a0364d6ad9e517,Green Tea Pore Cleansing Face Wash,Plum,Face > Face Washes & Cleansers > Skin,1,1,1,0,0,0,1,1
6958eacd81a0364d6ad9e07e,Green Tea Pore Cleansing Face Wash,Plum,Face > Face Washes & Cleansers > Skin,1,1,1,0,0,0,1,1
6958e98c81a0364d6ad9d46a,Plum Candy Melts Vegan Lip Balm,Plum,Lip Balm > Lip Care > Lips,0,0,0,0,0,0,0,0
6958e8d081a0364d6ad9d21e,Plum E-Luminence Simply Supple Cleansing Balm,Plum,Cleansers And Exfoliators > Face > Face Makeup Remover,0,0,1,0,0,0,0,1
6958e78681a0364d6ad9cd12,Plum Eye-Swear-By Kohl Kajal,Plum,Eye - Makeup > Eyes > Kajal & Kohls,0,0,0,0,0,0,0,0
6958e68681a0364d6ad9c745,Plum NaturStudio All-Day-Wear Kohl Kajal,Plum,Eye - Makeup > Eyes > Kajal & Kohls,0,0,0,0,0,0,1,0
6958e28f81a0364d6ad9b27a,SPF 50 PA++++ Sunscreen,Minimalist,Skin > Sun Care > Sunscreen,0,0,0,0,0,1,0,0
6958e21181a0364d6ad9aeab,SPF 50 PA++++ Sunscreen,Minimalist,Skin > Sun Care > Sunscreen,0,0,0,0,0,1,0,0
6958e17681a0364d6ad9ab07,Ceramides + Madecassoside Moisturizer,Minimalist,Moisturizer > Skin,0,1,1,0,0,0,0,0
6958e0b981a0364d6ad9a7fd,Marula Oil Moisturizer,Minimalist,Moisturizer > Skin,0,0,1,0,0,0,0,0
6958e03281a0364d6ad9a5c6,Hyaluronic + PGA 2% Face Serum,Minimalist,Serum > Serums And Essences > Skin,0,0,1,0,0,0,0,0
6958dfb181a0364d6ad9a493,AHA BHA PHA 32% Peeling Solution,Minimalist,Serum > Serums And Essences > Skin,0,0,0,0,0,0,0,1
6958df1681a0364d6ad9a20a,Retinol 0.3% Serum,Minimalist,Serum > Serums And Essences > Skin,0,0,0,0,1,0,0,0
6958de4281a0364d6ad99ff6,Salicylic Acid 2% Serum,Minimalist,Serum > Serums And Essences > Skin,1,1,0,0,1,0,0,1
6958ddc781a0364d6ad99c70,Salicylic Acid 2% Serum,Minimalist,Serum > Serums And Essences > Skin,1,1,0,0,0,0,0,0
6958cd2581a0364d6ad990cd,Salicylic Acid 2% Serum,Minimalist,Serum > Serums And Essences > Skin,1,1,0,0,1,0,0,1
6958cc5181a0364d6ad98ec8,Niacinamide 10% Serum,Minimalist,Serum > Serums And Essences > Skin,0,1,0,0,0,0,0,0
6958cbd581a0364d6ad98b29,Niacinamide 10% Serum,Minimalist,Serum > Serums And Essences > Skin,0,1,0,0,0,0,0,0
6958cb4e81a0364d6ad98845,Niacinamide 10% Serum,Minimalist,Serum > Serums And Essences > Skin,0,1,0,0,0,0,0,0
6958ca6c81a0364d6ad9876c,Alpha Arbutin 2% Serum,Minimalist,Serum,0,0,1,1,0,0,0,0
6958ca0881a0364d6ad9867a,Alpha Arbutin 2% Serum,Minimalist,Serum > Serums And Essences > Skin,0,0,1,1,0,0,0,0
6958c99b81a0364d6ad98534,Oat Extract 6% Gentle Cleanser,Minimalist,Cleansers And Exfoliators > Face Washes & Cleansers > Skin,0,1,1,0,0,0,1,1
6958c92a81a0364d6ad982e9,Salicylic Acid + LHA 2% Cleanser,Minimalist,Cleansers And Exfoliators > Face Washes & Cleansers > Skin,1,1,0,0,0,0,1,1
6958bf0981a0364d6ad96724,Body Lotion with Ceramides & Peptides,DOT & KEY,Skin,0,0,1,0,1,0,1,0
6958b83881a0364d6ad95589,Strawberry Dew Tinted Lip Balm,DOT & KEY,Lip Balm > Lip Stain > Makeup,0,0,1,1,0,1,0,0
6958b5c681a0364d6ad94cd8,Lip Plumping Mask,DOT & KEY,Lip Mask > Lips > Makeup,0,0,1,1,0,0,0,0
6958b51981a0364d6ad94ae8,Under Eye Cream with Caffeine & Peptides,DOT & KEY,Eye Care > Eyes > Makeup,0,0,0,1,1,0,0,0
6958b47881a0364d6ad94677,Retinol + Ceramide Night Cream,DOT & KEY,Moisturizer > Night Cream > Skin,0,1,1,0,1,0,0,1
6958b3e881a0364d6ad93d22,Cica + Niacinamide Sunscreen SPF 50,DOT & KEY,Skin > Sun Care > Sunscreen,1,1,0,0,0,1,1,0
6958b33681a0364d6ad93485,Vitamin C + E Sunscreen SPF 50 PA+++,DOT & KEY,Skin > Sun Care > Sunscreen,0,0,1,1,0,1,0,0
6958b2b281a0364d6ad93085,Vitamin C + E Sunscreen SPF 50 PA+++,DOT & KEY,Skin > Sun Care > Sunscreen,0,0,1,1,0,1,0,0
6958b1f981a0364d6ad92f4d,Cica + 10% Niacinamide Face Serum for Oily Skin,DOT & KEY,Serums And Essences > Skin,1,1,0,1,0,0,1,0
6958afda81a0364d6ad929e5,Barrier Repair Face Cream with Ceramides,DOT & KEY,Face > Face Moisturizer,0,0,1,0,0,0,1,0
6958af5181a0364d6ad92815,72HR Hydrating Gel Moisturizer + Probiotics,DOT & KEY,Moisturizer > Skin,0,0,1,0,0,0,0,0
6958aeca81a0364d6ad92695,Vitamin C + E Super Bright Moisturizer,DOT & KEY,Moisturizer > Skin,0,0,0,1,0,0,0,1
6958ae1181a0364d6ad923eb,Cica Calming Night Gel (Niacinamide + Green Tea) 853,DOT & KEY,Moisturizer > Night Cream > Skin,1,1,1,1,0,0,1,0
6958a76e54fa32380b3f47cf,The Derma Co 1% Salicylic Acid Gel Face Wash,The Derma Co,Cleansers And Exfoliators > Face Washes & Cleansers > Skin,1,1,0,0,0,0,0,1
6958a70054fa32380b3f44e9,The Derma Co 30% AHA + 2% BHA Face Peeling Solution,The Derma Co,Face > Masks & Peels > Serum,1,1,0,0,0,0,0,1
6958a68354fa32380b3f3cf5,The Derma Co 0.3% Retinol Face Serum,The Derma Co,Face > Serum > Serums And Essences,0,0,0,1,1,0,0,1
6958a61654fa32380b3f3815,The Derma Co 10% Niacinamide Serum,The Derma Co,Serum > Serums And Essences > Skin,1,1,0,0,0,0,0,0
6958a5a054fa32380b3f32c0,The Derma Co Ceramide + HA Intense Daily Moisturizer,The Derma Co,Moisturizer > Skin,0,0,1,0,0,0,0,0
6958a54054fa32380b3f30e2,The Derma Co 10% Vitamin C Face Serum,The Derma Co,Serum > Serums And Essences > Skin,0,0,1,1,0,0,0,1
6958a46554fa32380b3f24a2,The Derma Co 3% AHA-BHA Foaming Daily Face Wash,The Derma Co,Cleansers And Exfoliators > Face Washes & Cleansers > Skin,1,0,1,1,0,0,0,1
6958a30a54fa32380b3f04e3,The Derma Co 1% Hyaluronic Tinted Sunscreen Gel SPF 60 PA++++,The Derma Co,Skin > Skin Tint > Sun Care,0,0,1,0,0,1,0,0
6958a1cc54fa32380b3effee,The Derma Co 1% Hyaluronic Sunscreen Aqua Gel SPF 50 PA++++,The Derma Co,Skin > Sun Care > Sunscreen,0,0,1,0,0,1,0,0
6958a14154fa32380b3eff5b,The Derma Co 1% Hyaluronic Sunscreen Aqua Gel SPF 50 PA++++,The Derma Co,Skin > Sun Care > Sunscreen,0,0,1,0,0,1,0,0
69589e5654fa32380b3ef56e,The Derma Co 1% Hyaluronic Sunscreen Aqua Gel SPF 50 PA++++,The Derma Co,Skin > Sun Care > Sunscreen,0,0,1,0,0,1,0,0
6957acfd54fa32380b3e3dab,Haldi & Hyaluronic Acid Sunscreen,Dr Sheth's,Skin > Sun Care > Sunscreen,0,0,1,0,0,1,0,1
6957ac7254fa32380b3e32d9,Haldi & Hyaluronic Acid Sunscreen,Dr Sheth's,Skin > Sun Care > Sunscreen,0,0,1,0,0,1,0,1
6957ac0954fa32380b3e2e83,Haldi & Hyaluronic Acid Sunscreen,Dr Sheth's,Skin > Sun Care > Sunscreen,0,0,1,0,0,1,0,1
6957ab4454fa32380b3e2828,Non-Irritating Ceramide & 10% Vitamin C Ampoule Serum,Dr Sheth's,Serum > Serums And Essences > Skin,0,0,1,1,0,0,1,0
6957aa8954fa32380b3e1dfe,Kesar & 2% Kojic Acid Ampoule Serum,Dr Sheth's,Skin > Sun Care > Sunscreen,1,0,0,1,0,1,0,1
6957aa1554fa32380b3e16d6,Haldi & Hyaluronic Acid Face Serum,Dr Sheth's,Serum > Serums And Essences > Skin,0,0,1,0,1,0,0,1
6957a99154fa32380b3e1396,Ceramide & 15% Vitamin C Ampoule Serum,Dr Sheth's,Serum > Serums And Essences > Skin,0,0,1,1,0,0,0,0
6957a8ed54fa32380b3e0f8e,Kesar & Kojic Acid Sunscreen SPF 50,Dr Sheth's,Skin > Sun Care > Sunscreen,0,0,0,1,0,1,0,0
6957a83354fa32380b3e0b4d,Kesar & Kojic Acid Sunscreen SPF 50,Dr Sheth's,Skin > Sun Care > Sunscreen,0,0,0,1,0,1,0,0
6957a7c854fa32380b3e0959,Kesar & Kojic Acid Sunscreen SPF 50,Dr Sheth's,Skin > Sun Care > Sunscreen,0,0,0,1,0,1,0,0
6957a6ae54fa32380b3e0629,Ceramide & Vitamin C Face Wash,Dr Sheth's,Face > Face Washes & Cleansers > Skin,0,1,1,1,0,0,0,1
6957a54b54fa32380b3e01ca,Ceramide & Vitamin C Oil-Free Moisturizer,Dr Sheth's,Moisturizer > Skin,0,1,1,1,0,0,0,0
6957a2b568e8197a4fc1afd2,Ceramide & Vitamin C Oil-Free Moisturizer,Dr Sheth's,Moisturizer > Skin,0,1,1,1,0,0,0,0
69579fe068e8197a4fc19589,Ceramide & Vitamin C Sunscreen SPF 50+ PA++++,Dr Sheth's,Skin > Sun Care > Sunscreen,0,0,1,1,0,1,0,0
69579f6068e8197a4fc1925f,Ceramide & Vitamin C Sunscreen SPF 50+ PA++++,Dr Sheth's,Skin > Sun Care > Sunscreen,0,0,1,1,0,1,0,0
6957991668e8197a4fc14338,Ceramide & Vitamin C Sunscreen SPF 50+ PA++++,Dr Sheth's,Skin > Sun Care > Sunscreen,0,0,1,1,0,1,0,0
